{"stats":{"minecraft:killed":{"alexsmobs:hummingbird":1,"alexsmobs:tiger":1,"minecraft:spider":3,"alexsmobs:seagull":1,"minecraft:skeleton":1,"alexsmobs:blue_jay":1,"quark:shiba":1,"minecraft:chicken":3,"artifacts:mimic":1,"minecraft:pig":2,"ars_nouveau:starbuncle":1,"alexsmobs:skunk":1,"minecraft:rabbit":2,"minecraft:creeper":1,"minecraft:sheep":7,"minecraft:pillager":5,"minecraft:zombie":5,"iceandfire:ghost":2,"ars_nouveau:whirlisprig":1,"minecraft:cow":1},"minecraft:killed_by":{"minecraft:player":1,"minecraft:pillager":1},"minecraft:dropped":{"toughasnails:water_canteen":1,"minecraft:wheat_seeds":20,"minecraft:oak_log":3,"minecraft:glass_bottle":4,"cataclysm:lionfish":1,"minecraft:feather":1,"minecraft:iron_helmet":1,"minecraft:cobblestone":37,"minecraft:apple":4,"natprog:andesite_pebble":1,"minecraft:cod":3,"minecraft:wooden_hoe":1,"tombstone:grave_dust":1,"regions_unexplored:spruce_shrub":1,"minecraft:pink_petals":1,"minecraft:stone_axe":1,"realisticforging:hotrawironore":12,"minecraft:iron_boots":1,"realisticforging:big_stone":2,"realisticforging:stickhotrawiron":1,"minecraft:bundle":1,"minecraft:yellow_bed":1,"minecraft:oak_sapling":18,"minecraft:spider_eye":1},"minecraft:picked_up":{"minecraft:crafting_table":1,"minecraft:wheat":2,"minecraft:chicken":3,"minecraft:potion":4,"minecraft:stripped_cherry_log":232,"iceandfire:manuscript":11,"minecraft:string":17,"minecraft:moss_carpet":8,"regions_unexplored:spruce_shrub":1,"minecraft:item_frame":1,"natprog:stone_pebble":2,"iceandfire:graveyard_soil":8,"minecraft:beef":1,"minecraft:cobblestone_slab":5,"minecraft:birch_sapling":1,"natprog:cobbled_granite":9,"minecraft:stick":154,"iceandfire:ghost_chest":1,"natprog:diorite_pebble":8,"minecraft:torch":11,"minecraft:acacia_log":1,"minecraft:porkchop":6,"minecraft:cherry_log":198,"tombstone:grave_dust":3,"natprog:cobbled_diorite":23,"regions_unexplored:purple_coneflower":3,"minecraft:orange_bed":1,"minecraft:rotten_flesh":7,"minecraft:cooked_cod":4,"artifacts:villager_hat":1,"quark:hollow_cherry_log":5,"realisticforging:raw_iron_ore":47,"minecraft:mutton":8,"minecraft:white_wool":5,"minecraft:cod":4,"minecraft:skeleton_skull":1,"minecraft:cobblestone":387,"realisticforging:ironoredust":18,"minecraft:stripped_oak_log":16,"realisticforging:stickhotrawiron":1,"minecraft:pink_petals":762,"minecraft:feather":2,"minecraft:cherry_planks":17,"minecraft:leather":1,"minecraft:potato":8,"minecraft:oak_log":14,"minecraft:chainmail_chestplate":1,"minecraft:cherry_fence":4,"minecraft:yellow_bed":3,"realisticforging:copperore":71,"realisticforging:rawironnugget":18,"minecraft:wooden_hoe":1,"minecraft:cherry_door":2,"minecraft:dirt":147,"tombstone:gift":1,"minecraft:white_banner":1,"minecraft:bone":4,"minecraft:chipped_anvil":1,"minecraft:apple":11,"minecraft:wheat_seeds":43,"minecraft:rabbit_hide":1,"minecraft:rabbit":2,"minecraft:glass_bottle":4,"minecraft:iron_sword":2,"minecraft:book":125,"natprog:granite_pebble":9,"minecraft:dandelion":1,"realisticforging:hotrawironore":10,"natprog:andesite_pebble":11,"minecraft:sand":86,"extractinator:silt":1,"minecraft:spider_eye":2,"minecraft:bundle":1,"cataclysm:lionfish":2,"minecraft:quartz_bricks":2,"toughasnails:water_canteen":1,"minecraft:stone_axe":1,"waystones:waystone":1,"minecraft:cherry_sapling":196,"minecraft:hopper":1,"minecraft:oak_sapling":34,"minecraft:black_wool":1,"realisticforging:big_stone":3,"minecraft:coal":93},"minecraft:broken":{"minecraft:wooden_shovel":1,"natprog:flint_hatchet":1,"toughasnails:water_canteen":1,"minecraft:stone_pickaxe":1,"minecraft:iron_axe":1,"minecraft:stone_axe":3,"minecraft:iron_pickaxe":1,"minecraft:wooden_hoe":1,"minecraft:stone_shovel":1},"minecraft:crafted":{"minecraft:cherry_planks":391,"realisticforging:smithing_wood_hammer":1,"minecraft:oak_planks":24,"minecraft:cobblestone_slab":108,"minecraft:stone_shovel":1,"natprog:diamond_saw":1,"natprog:flint_saw":2,"minecraft:iron_nugget":9,"minecraft:furnace":1,"minecraft:stone":1,"realisticforging:wheatbroom":1,"minecraft:bone_meal":6,"quark:cherry_chest":6,"minecraft:glass":27,"minecraft:hopper":2,"realisticforging:smithing_hammer":2,"minecraft:bow":1,"minecraft:iron_axe":1,"realisticforging:two_sticks":13,"minecraft:stone_pickaxe":2,"natprog:flint_hatchet":3,"minecraft:cherry_fence":60,"minecraft:glass_bottle":3,"minecraft:cooked_cod":2,"minecraft:wooden_shovel":1,"minecraft:stripped_oak_log":8,"minecraft:cauldron":1,"minecraft:crafting_table":2,"minecraft:wooden_pickaxe":1,"minecraft:stone_axe":5,"minecraft:air":0,"realisticforging:hotrawironore":9,"minecraft:wooden_hoe":2,"toughasnails:water_purifier":1,"minecraft:charcoal":6,"realisticforging:blacksmithstongs":1,"minecraft:iron_pickaxe":1,"minecraft:cherry_door":3,"minecraft:torch":136},"minecraft:mined":{"regions_unexplored:spruce_shrub":1,"iceandfire:graveyard_soil":1,"minecraft:cherry_log":1,"minecraft:stripped_cherry_log":136,"minecraft:granite":10,"minecraft:acacia_log":1,"minecraft:grass_block":108,"regions_unexplored:purple_coneflower":1,"minecraft:hopper":1,"realisticforging:big_stone":2,"natprog:andesite_pebble":2,"natprog:cobbled_diorite":2,"minecraft:iron_ore":20,"minecraft:fire":10,"minecraft:moss_carpet":4,"minecraft:pumpkin":1,"treechop:chopped_log":25,"minecraft:bookshelf":43,"minecraft:cobblestone_slab":5,"minecraft:dirt_path":1,"regions_unexplored:medium_grass":1,"minecraft:stone":402,"minecraft:orange_bed":1,"minecraft:cherry_planks":11,"minecraft:dandelion":1,"minecraft:crafting_table":1,"minecraft:torch":8,"iceandfire:ghost_chest":1,"quark:hollow_cherry_log":5,"minecraft:tall_grass":1,"minecraft:copper_ore":29,"minecraft:cobblestone":4,"extractinator:silt":1,"minecraft:diorite":22,"minecraft:wall_torch":3,"minecraft:pink_petals":192,"minecraft:skeleton_skull":1,"minecraft:cherry_fence":4,"natprog:twigs":5,"minecraft:yellow_bed":1,"minecraft:grass":75,"minecraft:coal_ore":92,"minecraft:cherry_leaves":64,"minecraft:sand":88,"minecraft:dirt":13,"quark:hollow_oak_log":3,"minecraft:cobweb":12,"minecraft:chipped_anvil":1,"natprog:diorite_pebble":2,"minecraft:oak_leaves":12,"minecraft:fern":1},"minecraft:custom":{"minecraft:interact_with_smithing_table":1,"lootr:looted_stat":15,"minecraft:interact_with_anvil":7,"minecraft:mob_kills":43,"minecraft:inspect_hopper":14,"minecraft:interact_with_crafting_table":60,"minecraft:fill_cauldron":1,"minecraft:interact_with_campfire":4,"minecraft:leave_game":8,"minecraft:time_since_death":46655,"minecraft:climb_one_cm":998,"minecraft:sprint_one_cm":1016237,"minecraft:walk_one_cm":1293495,"minecraft:drop":43,"minecraft:damage_dealt_absorbed":45,"minecraft:play_time":222000,"minecraft:deaths":18,"minecraft:sneak_time":6846,"minecraft:walk_under_water_one_cm":11673,"minecraft:jump":2969,"minecraft:walk_on_water_one_cm":24628,"minecraft:total_world_time":222000,"minecraft:interact_with_furnace":52,"tombstone:raider_killed":5,"minecraft:sleep_in_bed":12,"minecraft:time_since_rest":12698,"minecraft:waystone_activated":1,"minecraft:damage_taken":5152,"minecraft:trigger_trapped_chest":3,"minecraft:damage_dealt":8269,"minecraft:swim_one_cm":76092,"minecraft:fly_one_cm":883830,"minecraft:open_chest":85,"minecraft:crouch_one_cm":32585,"tombstone:undead_killed":8,"minecraft:use_cauldron":8,"minecraft:fall_one_cm":67395},"minecraft:used":{"iceandfire:silver_sword":98,"toughasnails:water_purifier":1,"minecraft:stone_shovel":131,"minecraft:stone":1,"minecraft:iron_sword":84,"minecraft:wooden_shovel":111,"minecraft:torch":144,"quark:cherry_chest":4,"minecraft:dirt":43,"natprog:andesite_pebble":3,"minecraft:mutton":6,"minecraft:hopper":3,"toughasnails:empty_canteen":1,"natprog:flint_saw":15,"minecraft:milk_bucket":1,"natprog:diorite_pebble":4,"minecraft:glass":22,"minecraft:chipped_anvil":1,"minecraft:iron_axe":187,"minecraft:cooked_cod":5,"minecraft:furnace":1,"natprog:diamond_saw":14,"tombstone:gift":4,"minecraft:potato":8,"natprog:flint_hatchet":31,"minecraft:cherry_fence":36,"minecraft:cherry_log":192,"minecraft:wheat_seeds":9,"quark:hollow_cherry_log":5,"minecraft:water_bucket":13,"minecraft:glass_bottle":31,"minecraft:stone_pickaxe":210,"minecraft:wooden_pickaxe":49,"minecraft:cherry_planks":219,"minecraft:cauldron":1,"minecraft:cobblestone_slab":105,"toughasnails:water_canteen":13,"minecraft:crafting_table":2,"minecraft:cod":3,"waystones:waystone":1,"minecraft:wooden_hoe":117,"minecraft:apple":21,"realisticforging:big_stone":1,"minecraft:cherry_door":4,"minecraft:iron_pickaxe":336,"natprog:granite_pebble":1,"minecraft:bread":17,"minecraft:stone_axe":556,"minecraft:pink_petals":1,"minecraft:cobblestone":135,"minecraft:potion":11,"minecraft:white_banner":1,"toughasnails:purified_water_bottle":16,"minecraft:porkchop":3,"minecraft:bucket":13,"minecraft:yellow_bed":2,"alexsmobs:animal_dictionary":2,"natprog:cobbled_diorite":8,"minecraft:bone_meal":6,"minecraft:air":4,"minecraft:cobweb":5}},"DataVersion":3465}