{"stats":{"minecraft:killed":{"alexsmobs:hummingbird":1,"minecraft:spider":2,"alexsmobs:seagull":1,"alexsmobs:blue_jay":1,"quark:shiba":1,"minecraft:chicken":2,"artifacts:mimic":1,"alexsmobs:skunk":1,"minecraft:creeper":1,"minecraft:sheep":1,"minecraft:pillager":2,"minecraft:zombie":5,"iceandfire:ghost":2,"ars_nouveau:whirlisprig":1,"minecraft:cow":1},"minecraft:killed_by":{"minecraft:player":1,"minecraft:pillager":1},"minecraft:dropped":{"toughasnails:water_canteen":1,"minecraft:wheat_seeds":20,"minecraft:oak_log":3,"minecraft:glass_bottle":4,"cataclysm:lionfish":1,"minecraft:feather":1,"minecraft:iron_helmet":1,"minecraft:cobblestone":37,"minecraft:apple":4,"minecraft:cod":3,"tombstone:grave_dust":1,"minecraft:pink_petals":1,"minecraft:stone_axe":1,"minecraft:iron_boots":1,"realisticforging:big_stone":1,"minecraft:bundle":1,"minecraft:yellow_bed":1,"minecraft:oak_sapling":18,"minecraft:spider_eye":1},"minecraft:picked_up":{"minecraft:chicken":2,"minecraft:potion":4,"minecraft:stripped_cherry_log":193,"iceandfire:manuscript":11,"minecraft:string":16,"minecraft:moss_carpet":8,"minecraft:item_frame":1,"natprog:stone_pebble":2,"iceandfire:graveyard_soil":8,"minecraft:beef":1,"minecraft:cobblestone_slab":5,"minecraft:birch_sapling":1,"natprog:cobbled_granite":9,"minecraft:stick":152,"iceandfire:ghost_chest":1,"natprog:diorite_pebble":8,"minecraft:torch":3,"minecraft:acacia_log":1,"minecraft:cherry_log":198,"tombstone:grave_dust":2,"natprog:cobbled_diorite":4,"minecraft:orange_bed":1,"minecraft:rotten_flesh":7,"minecraft:cooked_cod":4,"artifacts:villager_hat":1,"quark:hollow_cherry_log":5,"realisticforging:raw_iron_ore":28,"minecraft:cod":4,"minecraft:skeleton_skull":1,"minecraft:cobblestone":247,"minecraft:stripped_oak_log":16,"minecraft:pink_petals":512,"minecraft:feather":1,"minecraft:cherry_planks":13,"minecraft:leather":1,"minecraft:potato":8,"minecraft:oak_log":14,"minecraft:chainmail_chestplate":1,"minecraft:yellow_bed":3,"realisticforging:copperore":15,"minecraft:cherry_door":2,"minecraft:dirt":131,"minecraft:chipped_anvil":1,"minecraft:wheat_seeds":33,"minecraft:glass_bottle":4,"minecraft:iron_sword":2,"minecraft:book":125,"natprog:granite_pebble":9,"natprog:andesite_pebble":10,"minecraft:sand":86,"extractinator:silt":1,"minecraft:spider_eye":2,"minecraft:bundle":1,"cataclysm:lionfish":2,"minecraft:quartz_bricks":2,"toughasnails:water_canteen":1,"minecraft:stone_axe":1,"waystones:waystone":1,"minecraft:cherry_sapling":196,"minecraft:oak_sapling":34,"minecraft:coal":42,"realisticforging:big_stone":1},"minecraft:broken":{"minecraft:wooden_shovel":1,"natprog:flint_hatchet":1,"toughasnails:water_canteen":1,"minecraft:stone_pickaxe":1,"minecraft:iron_axe":1,"minecraft:stone_axe":2,"minecraft:stone_shovel":1},"minecraft:crafted":{"minecraft:cherry_planks":235,"minecraft:oak_planks":24,"minecraft:cobblestone_slab":108,"minecraft:stone_shovel":1,"natprog:flint_saw":2,"quark:cherry_chest":2,"minecraft:glass":5,"minecraft:hopper":1,"minecraft:bow":1,"minecraft:iron_axe":1,"minecraft:stone_pickaxe":2,"natprog:flint_hatchet":3,"minecraft:glass_bottle":3,"minecraft:cooked_cod":2,"minecraft:wooden_shovel":1,"minecraft:stripped_oak_log":8,"minecraft:crafting_table":1,"minecraft:wooden_pickaxe":1,"minecraft:stone_axe":5,"minecraft:air":0,"toughasnails:water_purifier":1,"minecraft:cherry_door":3,"minecraft:torch":128},"minecraft:mined":{"iceandfire:graveyard_soil":1,"minecraft:cherry_log":1,"minecraft:stripped_cherry_log":97,"minecraft:granite":10,"minecraft:acacia_log":1,"minecraft:grass_block":101,"realisticforging:big_stone":1,"natprog:andesite_pebble":2,"minecraft:iron_ore":12,"minecraft:fire":10,"minecraft:moss_carpet":4,"minecraft:pumpkin":1,"treechop:chopped_log":25,"minecraft:bookshelf":43,"minecraft:cobblestone_slab":5,"minecraft:dirt_path":1,"minecraft:stone":247,"minecraft:orange_bed":1,"minecraft:cherry_planks":7,"minecraft:dandelion":1,"minecraft:torch":1,"iceandfire:ghost_chest":1,"quark:hollow_cherry_log":5,"minecraft:copper_ore":7,"minecraft:cobblestone":3,"extractinator:silt":1,"minecraft:diorite":4,"minecraft:wall_torch":2,"minecraft:pink_petals":85,"minecraft:skeleton_skull":1,"natprog:twigs":4,"minecraft:yellow_bed":1,"minecraft:grass":28,"minecraft:coal_ore":41,"minecraft:cherry_leaves":64,"minecraft:sand":88,"minecraft:dirt":4,"quark:hollow_oak_log":3,"minecraft:cobweb":12,"minecraft:chipped_anvil":1,"natprog:diorite_pebble":2,"minecraft:oak_leaves":12,"minecraft:fern":1},"minecraft:custom":{"minecraft:interact_with_smithing_table":1,"lootr:looted_stat":15,"minecraft:mob_kills":25,"minecraft:inspect_hopper":4,"minecraft:interact_with_crafting_table":24,"minecraft:interact_with_campfire":4,"minecraft:leave_game":6,"minecraft:time_since_death":20466,"minecraft:climb_one_cm":702,"minecraft:sprint_one_cm":648347,"minecraft:walk_one_cm":956921,"minecraft:drop":26,"minecraft:damage_dealt_absorbed":45,"minecraft:play_time":127714,"minecraft:deaths":12,"minecraft:sneak_time":4758,"minecraft:walk_under_water_one_cm":9454,"minecraft:jump":2143,"minecraft:walk_on_water_one_cm":21385,"minecraft:total_world_time":127714,"minecraft:interact_with_furnace":14,"tombstone:raider_killed":2,"minecraft:sleep_in_bed":6,"minecraft:time_since_rest":3004,"minecraft:waystone_activated":1,"minecraft:damage_taken":3086,"minecraft:trigger_trapped_chest":3,"minecraft:damage_dealt":5687,"minecraft:swim_one_cm":63233,"minecraft:fly_one_cm":603506,"minecraft:open_chest":23,"minecraft:crouch_one_cm":24189,"tombstone:undead_killed":7,"minecraft:fall_one_cm":56823},"minecraft:used":{"iceandfire:silver_sword":49,"toughasnails:water_purifier":1,"minecraft:stone_shovel":131,"minecraft:iron_sword":84,"minecraft:wooden_shovel":111,"minecraft:torch":131,"quark:cherry_chest":1,"minecraft:dirt":43,"natprog:andesite_pebble":3,"minecraft:hopper":1,"toughasnails:empty_canteen":1,"natprog:flint_saw":15,"natprog:diorite_pebble":4,"minecraft:iron_axe":187,"minecraft:cooked_cod":5,"tombstone:gift":2,"natprog:flint_hatchet":31,"minecraft:cherry_log":153,"quark:hollow_cherry_log":5,"minecraft:water_bucket":8,"minecraft:glass_bottle":15,"minecraft:stone_pickaxe":210,"minecraft:wooden_pickaxe":49,"minecraft:cherry_planks":219,"minecraft:cobblestone_slab":105,"toughasnails:water_canteen":13,"minecraft:crafting_table":1,"minecraft:cod":3,"waystones:waystone":1,"minecraft:apple":8,"minecraft:cherry_door":4,"natprog:granite_pebble":1,"minecraft:bread":17,"minecraft:iron_pickaxe":74,"minecraft:stone_axe":475,"minecraft:pink_petals":1,"minecraft:cobblestone":133,"minecraft:potion":6,"toughasnails:purified_water_bottle":6,"minecraft:bucket":7,"minecraft:yellow_bed":2,"alexsmobs:animal_dictionary":2,"minecraft:cobweb":5}},"DataVersion":3465}