{"stats":{"minecraft:killed":{"alexsmobs:hummingbird":1,"alexsmobs:tiger":1,"minecraft:spider":3,"alexsmobs:seagull":1,"minecraft:skeleton":1,"alexsmobs:blue_jay":1,"quark:shiba":1,"minecraft:chicken":2,"artifacts:mimic":1,"minecraft:pig":1,"alexsmobs:skunk":1,"minecraft:creeper":1,"minecraft:sheep":4,"minecraft:pillager":5,"minecraft:zombie":5,"iceandfire:ghost":2,"ars_nouveau:whirlisprig":1,"minecraft:cow":1},"minecraft:killed_by":{"minecraft:player":1,"minecraft:pillager":1},"minecraft:dropped":{"toughasnails:water_canteen":1,"minecraft:wheat_seeds":20,"minecraft:oak_log":3,"minecraft:glass_bottle":4,"cataclysm:lionfish":1,"minecraft:feather":1,"minecraft:iron_helmet":1,"minecraft:cobblestone":37,"minecraft:apple":4,"natprog:andesite_pebble":1,"minecraft:cod":3,"minecraft:wooden_hoe":1,"tombstone:grave_dust":1,"regions_unexplored:spruce_shrub":1,"minecraft:pink_petals":1,"minecraft:stone_axe":1,"realisticforging:hotrawironore":12,"minecraft:iron_boots":1,"realisticforging:big_stone":2,"realisticforging:stickhotrawiron":1,"minecraft:bundle":1,"minecraft:yellow_bed":1,"minecraft:oak_sapling":18,"minecraft:spider_eye":1},"minecraft:picked_up":{"minecraft:crafting_table":1,"minecraft:wheat":1,"minecraft:chicken":2,"minecraft:potion":4,"minecraft:stripped_cherry_log":232,"iceandfire:manuscript":11,"minecraft:string":17,"minecraft:moss_carpet":8,"regions_unexplored:spruce_shrub":1,"minecraft:item_frame":1,"natprog:stone_pebble":2,"iceandfire:graveyard_soil":8,"minecraft:beef":1,"minecraft:cobblestone_slab":5,"minecraft:birch_sapling":1,"natprog:cobbled_granite":9,"minecraft:stick":154,"iceandfire:ghost_chest":1,"natprog:diorite_pebble":8,"minecraft:torch":11,"minecraft:acacia_log":1,"minecraft:porkchop":3,"minecraft:cherry_log":198,"tombstone:grave_dust":3,"natprog:cobbled_diorite":23,"minecraft:orange_bed":1,"minecraft:rotten_flesh":7,"minecraft:cooked_cod":4,"artifacts:villager_hat":1,"quark:hollow_cherry_log":5,"realisticforging:raw_iron_ore":47,"minecraft:mutton":4,"minecraft:white_wool":2,"minecraft:cod":4,"minecraft:skeleton_skull":1,"minecraft:cobblestone":384,"realisticforging:ironoredust":18,"minecraft:stripped_oak_log":16,"realisticforging:stickhotrawiron":1,"minecraft:pink_petals":762,"minecraft:feather":1,"minecraft:cherry_planks":17,"minecraft:leather":1,"minecraft:potato":8,"minecraft:oak_log":14,"minecraft:chainmail_chestplate":1,"minecraft:cherry_fence":4,"minecraft:yellow_bed":3,"realisticforging:copperore":15,"realisticforging:rawironnugget":18,"minecraft:wooden_hoe":1,"minecraft:cherry_door":2,"minecraft:dirt":147,"tombstone:gift":1,"minecraft:white_banner":1,"minecraft:bone":2,"minecraft:chipped_anvil":1,"minecraft:apple":11,"minecraft:wheat_seeds":40,"minecraft:glass_bottle":4,"minecraft:iron_sword":2,"minecraft:book":125,"natprog:granite_pebble":9,"minecraft:dandelion":1,"realisticforging:hotrawironore":10,"natprog:andesite_pebble":11,"minecraft:sand":86,"extractinator:silt":1,"minecraft:spider_eye":2,"minecraft:bundle":1,"cataclysm:lionfish":2,"minecraft:quartz_bricks":2,"toughasnails:water_canteen":1,"minecraft:stone_axe":1,"waystones:waystone":1,"minecraft:cherry_sapling":196,"minecraft:hopper":1,"minecraft:oak_sapling":34,"minecraft:black_wool":1,"realisticforging:big_stone":3,"minecraft:coal":59},"minecraft:broken":{"minecraft:wooden_shovel":1,"natprog:flint_hatchet":1,"toughasnails:water_canteen":1,"minecraft:stone_pickaxe":1,"minecraft:iron_axe":1,"minecraft:stone_axe":3,"minecraft:iron_pickaxe":1,"minecraft:wooden_hoe":1,"minecraft:stone_shovel":1},"minecraft:crafted":{"minecraft:cherry_planks":391,"realisticforging:smithing_wood_hammer":1,"minecraft:oak_planks":24,"minecraft:cobblestone_slab":108,"minecraft:stone_shovel":1,"natprog:diamond_saw":1,"natprog:flint_saw":2,"minecraft:iron_nugget":9,"minecraft:furnace":1,"minecraft:stone":1,"realisticforging:wheatbroom":1,"minecraft:bone_meal":3,"quark:cherry_chest":4,"minecraft:glass":27,"minecraft:hopper":2,"realisticforging:smithing_hammer":2,"minecraft:bow":1,"minecraft:iron_axe":1,"realisticforging:two_sticks":13,"minecraft:stone_pickaxe":2,"natprog:flint_hatchet":3,"minecraft:cherry_fence":60,"minecraft:glass_bottle":3,"minecraft:cooked_cod":2,"minecraft:wooden_shovel":1,"minecraft:stripped_oak_log":8,"minecraft:cauldron":1,"minecraft:crafting_table":2,"minecraft:wooden_pickaxe":1,"minecraft:stone_axe":5,"minecraft:air":0,"realisticforging:hotrawironore":9,"minecraft:wooden_hoe":2,"toughasnails:water_purifier":1,"minecraft:charcoal":6,"realisticforging:blacksmithstongs":1,"minecraft:iron_pickaxe":1,"minecraft:cherry_door":3,"minecraft:torch":136},"minecraft:mined":{"regions_unexplored:spruce_shrub":1,"iceandfire:graveyard_soil":1,"minecraft:cherry_log":1,"minecraft:stripped_cherry_log":136,"minecraft:granite":10,"minecraft:acacia_log":1,"minecraft:grass_block":108,"minecraft:hopper":1,"realisticforging:big_stone":2,"natprog:andesite_pebble":2,"natprog:cobbled_diorite":2,"minecraft:iron_ore":20,"minecraft:fire":10,"minecraft:moss_carpet":4,"minecraft:pumpkin":1,"treechop:chopped_log":25,"minecraft:bookshelf":43,"minecraft:cobblestone_slab":5,"minecraft:dirt_path":1,"minecraft:stone":398,"minecraft:orange_bed":1,"minecraft:cherry_planks":11,"minecraft:dandelion":1,"minecraft:crafting_table":1,"minecraft:torch":8,"iceandfire:ghost_chest":1,"quark:hollow_cherry_log":5,"minecraft:copper_ore":7,"minecraft:cobblestone":4,"extractinator:silt":1,"minecraft:diorite":22,"minecraft:wall_torch":3,"minecraft:pink_petals":192,"minecraft:skeleton_skull":1,"minecraft:cherry_fence":4,"natprog:twigs":5,"minecraft:yellow_bed":1,"minecraft:grass":73,"minecraft:coal_ore":58,"minecraft:cherry_leaves":64,"minecraft:sand":88,"minecraft:dirt":13,"quark:hollow_oak_log":3,"minecraft:cobweb":12,"minecraft:chipped_anvil":1,"natprog:diorite_pebble":2,"minecraft:oak_leaves":12,"minecraft:fern":1},"minecraft:custom":{"minecraft:interact_with_smithing_table":1,"lootr:looted_stat":15,"minecraft:interact_with_anvil":7,"minecraft:mob_kills":35,"minecraft:inspect_hopper":13,"minecraft:interact_with_crafting_table":58,"minecraft:fill_cauldron":1,"minecraft:interact_with_campfire":4,"minecraft:leave_game":7,"minecraft:time_since_death":32164,"minecraft:climb_one_cm":998,"minecraft:sprint_one_cm":886553,"minecraft:walk_one_cm":1251533,"minecraft:drop":43,"minecraft:damage_dealt_absorbed":45,"minecraft:play_time":207509,"minecraft:deaths":18,"minecraft:sneak_time":6826,"minecraft:walk_under_water_one_cm":10069,"minecraft:jump":2864,"minecraft:walk_on_water_one_cm":22444,"minecraft:total_world_time":207509,"minecraft:interact_with_furnace":51,"tombstone:raider_killed":5,"minecraft:sleep_in_bed":11,"minecraft:time_since_rest":13561,"minecraft:waystone_activated":1,"minecraft:damage_taken":5102,"minecraft:trigger_trapped_chest":3,"minecraft:damage_dealt":7488,"minecraft:swim_one_cm":63233,"minecraft:fly_one_cm":843286,"minecraft:open_chest":69,"minecraft:crouch_one_cm":32585,"tombstone:undead_killed":8,"minecraft:use_cauldron":4,"minecraft:fall_one_cm":63866},"minecraft:used":{"iceandfire:silver_sword":79,"toughasnails:water_purifier":1,"minecraft:stone_shovel":131,"minecraft:stone":1,"minecraft:iron_sword":84,"minecraft:wooden_shovel":111,"minecraft:torch":144,"quark:cherry_chest":2,"minecraft:dirt":43,"natprog:andesite_pebble":3,"minecraft:hopper":3,"toughasnails:empty_canteen":1,"natprog:flint_saw":15,"minecraft:milk_bucket":1,"natprog:diorite_pebble":4,"minecraft:glass":22,"minecraft:chipped_anvil":1,"minecraft:iron_axe":187,"minecraft:cooked_cod":5,"minecraft:furnace":1,"natprog:diamond_saw":14,"tombstone:gift":4,"minecraft:potato":8,"natprog:flint_hatchet":31,"minecraft:cherry_fence":36,"minecraft:cherry_log":192,"minecraft:wheat_seeds":3,"quark:hollow_cherry_log":5,"minecraft:water_bucket":13,"minecraft:glass_bottle":23,"minecraft:stone_pickaxe":210,"minecraft:wooden_pickaxe":49,"minecraft:cherry_planks":219,"minecraft:cauldron":1,"minecraft:cobblestone_slab":105,"toughasnails:water_canteen":13,"minecraft:crafting_table":2,"minecraft:cod":3,"waystones:waystone":1,"minecraft:wooden_hoe":117,"minecraft:apple":20,"realisticforging:big_stone":1,"minecraft:cherry_door":4,"minecraft:iron_pickaxe":276,"natprog:granite_pebble":1,"minecraft:bread":17,"minecraft:stone_axe":556,"minecraft:pink_petals":1,"minecraft:cobblestone":135,"minecraft:potion":9,"minecraft:white_banner":1,"toughasnails:purified_water_bottle":12,"minecraft:bucket":12,"minecraft:yellow_bed":2,"alexsmobs:animal_dictionary":2,"natprog:cobbled_diorite":8,"minecraft:bone_meal":2,"minecraft:air":2,"minecraft:cobweb":5}},"DataVersion":3465}