{"stats":{"minecraft:killed":{"alexsmobs:raccoon":1,"minecraft:spider":1,"minecraft:horse":6,"minecraft:creeper":1,"minecraft:sheep":3,"ars_nouveau:whirlisprig":1,"iceandfire:pixie":1,"minecraft:cow":2},"minecraft:dropped":{"toughasnails:water_canteen":1,"minecraft:wheat_seeds":2,"minecraft:saddle":1,"minecraft:potion":1,"realisticforging:pickedhotrawiron":2,"realisticforging:hotrawironore":5,"minecraft:rotten_flesh":2,"minecraft:arrow":3,"minecraft:wooden_pickaxe":1},"minecraft:picked_up":{"minecraft:crafting_table":6,"minecraft:wheat":1,"minecraft:wooden_pickaxe":1,"minecraft:string":3,"natprog:stone_pebble":1,"minecraft:gold_nugget":100,"regions_unexplored:maple_leaf_pile":4,"minecraft:oak_boat":3,"natprog:cobbled_granite":1,"minecraft:egg":1,"minecraft:furnace":2,"iceandfire:pixie_dust":1,"minecraft:stick":22,"regions_unexplored:silver_birch_leaf_pile":26,"natprog:diorite_pebble":5,"minecraft:torch":13,"natprog:cobbled_diorite":2,"minecraft:carrot":22,"minecraft:blue_carpet":2,"minecraft:stone_shovel":1,"minecraft:arrow":4,"minecraft:rotten_flesh":2,"minecraft:hay_block":22,"realisticforging:raw_iron_ore":60,"minecraft:red_tulip":1,"minecraft:mutton":5,"minecraft:white_wool":7,"minecraft:cobblestone":276,"minecraft:stripped_oak_log":31,"minecraft:leather":6,"realisticforging:pickedhotrawiron":2,"minecraft:potato":36,"minecraft:gunpowder":2,"realisticforging:copperore":21,"mca:book_romance":1,"minecraft:lapis_lazuli":7,"minecraft:stripped_birch_log":13,"minecraft:dirt":24,"minecraft:cooked_mutton":3,"minecraft:chipped_anvil":2,"minecraft:bone":4,"minecraft:apple":5,"minecraft:gray_carpet":1,"minecraft:wheat_seeds":5,"minecraft:stone_pickaxe":2,"minecraft:oak_planks":1,"regions_unexplored:silver_birch_sapling":5,"minecraft:book":4,"natprog:granite_pebble":7,"iceandfire:copper_nugget":28,"realisticforging:hotrawironore":5,"natprog:andesite_pebble":6,"minecraft:sand":94,"extractinator:silt":18,"minecraft:white_bed":9,"toughasnails:water_canteen":1,"minecraft:stone_axe":1,"regions_unexplored:silver_birch_log":21,"minecraft:oak_sapling":17,"iceandfire:silver_nugget":20,"minecraft:coal":171,"realisticforging:big_stone":1},"minecraft:broken":{"natprog:flint_hatchet":1,"toughasnails:water_canteen":3,"minecraft:wooden_pickaxe":1,"minecraft:stone_pickaxe":1,"toughasnails:purified_water_canteen":1},"minecraft:crafted":{"minecraft:oak_planks":31,"minecraft:stone_shovel":2,"quark:birch_chest":1,"minecraft:iron_nugget":9,"minecraft:furnace":4,"minecraft:glass":9,"realisticforging:smithing_hammer":1,"minecraft:stone_pickaxe":4,"natprog:flint_hatchet":3,"minecraft:stone_hoe":1,"minecraft:wheat":99,"minecraft:glass_bottle":3,"ironchest:wood_to_iron_chest_upgrade":2,"minecraft:crafting_table":1,"minecraft:wooden_pickaxe":1,"minecraft:bucket":1,"minecraft:birch_planks":52,"minecraft:stone_axe":2,"minecraft:bread":33,"minecraft:air":0,"minecraft:oak_boat":1,"realisticforging:hotrawironore":30,"ironchest:iron_to_gold_chest_upgrade":1,"minecraft:charcoal":2,"toughasnails:water_purifier":1,"minecraft:shield":1,"minecraft:stick":4,"quark:oak_chest":1,"realisticforging:blacksmithstongs":1,"minecraft:iron_pickaxe":1,"minecraft:stone_sword":1,"minecraft:gold_ingot":7,"minecraft:white_bed":1,"minecraft:torch":4,"minecraft:shears":1,"natprog:iron_saw":1},"minecraft:mined":{"minecraft:white_bed":9,"iceandfire:copper_pile":4,"minecraft:stripped_birch_log":13,"minecraft:granite":1,"minecraft:grass_block":23,"natprog:granite_pebble":6,"realisticforging:big_stone":1,"natprog:andesite_pebble":5,"minecraft:hay_block":22,"minecraft:furnace":2,"minecraft:iron_ore":12,"treechop:chopped_log":10,"minecraft:bookshelf":1,"minecraft:potatoes":4,"iceandfire:gold_pile":6,"regions_unexplored:maple_leaf_pile":3,"minecraft:stone":283,"regions_unexplored:silt_grass_block":24,"natprog:stone_pebble":1,"regions_unexplored:silver_birch_leaf_pile":7,"minecraft:crafting_table":6,"minecraft:torch":1,"regions_unexplored:silt_dirt":82,"minecraft:copper_ore":12,"minecraft:cobblestone":10,"minecraft:lapis_ore":1,"extractinator:silt":18,"minecraft:oak_planks":1,"minecraft:diorite":2,"minecraft:wall_torch":10,"natprog:twigs":7,"minecraft:stripped_oak_wood":4,"minecraft:grass":28,"minecraft:coal_ore":123,"iceandfire:silver_pile":6,"minecraft:sand":84,"minecraft:gray_carpet":1,"minecraft:cobweb":4,"minecraft:chipped_anvil":2,"natprog:diorite_pebble":5,"minecraft:oak_leaves":24},"minecraft:custom":{"lootr:looted_stat":44,"minecraft:mob_kills":16,"minecraft:interact_with_crafting_table":16,"minecraft:leave_game":20,"minecraft:time_since_death":80804,"minecraft:climb_one_cm":2026,"minecraft:sprint_one_cm":1497144,"minecraft:walk_one_cm":570086,"minecraft:drop":17,"minecraft:play_time":227117,"minecraft:deaths":7,"minecraft:sneak_time":2238,"minecraft:walk_under_water_one_cm":29763,"minecraft:boat_one_cm":17803,"minecraft:jump":2160,"minecraft:interact_with_brewingstand":1,"minecraft:walk_on_water_one_cm":41570,"minecraft:total_world_time":227117,"minecraft:interact_with_furnace":72,"minecraft:sleep_in_bed":15,"minecraft:time_since_rest":13429,"minecraft:waystone_activated":2,"minecraft:damage_taken":3484,"minecraft:damage_dealt":3929,"minecraft:swim_one_cm":58318,"minecraft:fly_one_cm":1147360,"minecraft:open_chest":17,"minecraft:crouch_one_cm":4841,"minecraft:fall_one_cm":55712,"minecraft:horse_one_cm":881198},"minecraft:used":{"ironchest:wood_to_iron_chest_upgrade":2,"quark:birch_chest":1,"minecraft:writable_book":1,"minecraft:stone_sword":4,"toughasnails:water_purifier":1,"minecraft:stone_shovel":126,"minecraft:iron_sword":34,"minecraft:stone_hoe":52,"regions_unexplored:maple_leaf_pile":4,"minecraft:torch":6,"minecraft:dirt":8,"natprog:andesite_pebble":1,"toughasnails:empty_canteen":4,"minecraft:carrot":6,"natprog:iron_saw":1,"natprog:diorite_pebble":1,"minecraft:grass_block":1,"regions_unexplored:silver_birch_leaf_pile":26,"minecraft:furnace":6,"tombstone:gift":3,"minecraft:egg":1,"minecraft:potato":44,"natprog:flint_hatchet":36,"minecraft:cooked_mutton":3,"minecraft:water_bucket":31,"regions_unexplored:silver_birch_log":13,"minecraft:gray_carpet":1,"minecraft:glass_bottle":17,"minecraft:stone_pickaxe":364,"minecraft:baked_potato":8,"minecraft:wooden_pickaxe":70,"minecraft:horse_spawn_egg":8,"toughasnails:water_canteen":131,"minecraft:sand":1,"minecraft:crafting_table":6,"minecraft:white_bed":9,"minecraft:apple":4,"realisticforging:big_stone":1,"natprog:granite_pebble":3,"minecraft:bread":54,"ironchest:iron_to_gold_chest_upgrade":1,"minecraft:stone_axe":93,"minecraft:blue_carpet":1,"minecraft:cobblestone":41,"minecraft:potion":15,"travelersbackpack:standard":4,"toughasnails:purified_water_bottle":8,"toughasnails:purified_water_canteen":7,"minecraft:bucket":35,"quark:oak_chest":1,"minecraft:oak_boat":3}},"DataVersion":3465}