{"stats":{"minecraft:killed":{"alexsmobs:raccoon":1,"minecraft:spider":1,"minecraft:horse":6,"minecraft:creeper":1,"minecraft:sheep":3,"ars_nouveau:whirlisprig":1,"iceandfire:pixie":1,"minecraft:cow":2},"minecraft:dropped":{"toughasnails:water_canteen":1,"minecraft:wheat_seeds":2,"minecraft:saddle":1,"minecraft:potion":1,"realisticforging:pickedhotrawiron":2,"realisticforging:hotrawironore":5,"minecraft:rotten_flesh":2,"minecraft:arrow":3,"minecraft:wooden_pickaxe":1},"minecraft:picked_up":{"minecraft:crafting_table":6,"minecraft:wheat":1,"minecraft:wooden_pickaxe":1,"minecraft:string":3,"natprog:stone_pebble":1,"minecraft:gold_nugget":64,"regions_unexplored:maple_leaf_pile":4,"minecraft:oak_boat":3,"natprog:cobbled_granite":1,"minecraft:egg":1,"minecraft:furnace":2,"iceandfire:pixie_dust":1,"minecraft:stick":22,"regions_unexplored:silver_birch_leaf_pile":26,"natprog:diorite_pebble":5,"minecraft:torch":9,"natprog:cobbled_diorite":2,"minecraft:carrot":22,"minecraft:blue_carpet":2,"minecraft:arrow":4,"minecraft:rotten_flesh":2,"minecraft:hay_block":11,"realisticforging:raw_iron_ore":60,"minecraft:red_tulip":1,"minecraft:mutton":5,"minecraft:white_wool":3,"minecraft:cobblestone":276,"minecraft:stripped_oak_log":31,"minecraft:leather":6,"realisticforging:pickedhotrawiron":2,"minecraft:potato":22,"minecraft:gunpowder":2,"realisticforging:copperore":21,"mca:book_romance":1,"minecraft:lapis_lazuli":7,"minecraft:stripped_birch_log":13,"minecraft:dirt":23,"minecraft:cooked_mutton":3,"minecraft:chipped_anvil":2,"minecraft:bone":4,"minecraft:apple":5,"minecraft:gray_carpet":1,"minecraft:wheat_seeds":5,"minecraft:stone_pickaxe":1,"regions_unexplored:silver_birch_sapling":5,"minecraft:book":4,"natprog:granite_pebble":7,"realisticforging:hotrawironore":5,"natprog:andesite_pebble":6,"minecraft:sand":94,"extractinator:silt":18,"minecraft:white_bed":9,"toughasnails:water_canteen":1,"regions_unexplored:silver_birch_log":21,"minecraft:oak_sapling":17,"minecraft:coal":158,"realisticforging:big_stone":1},"minecraft:broken":{"natprog:flint_hatchet":1,"toughasnails:water_canteen":3,"minecraft:wooden_pickaxe":1,"minecraft:stone_pickaxe":1},"minecraft:crafted":{"minecraft:oak_planks":31,"minecraft:stone_shovel":1,"minecraft:iron_nugget":9,"minecraft:furnace":4,"minecraft:glass":9,"realisticforging:smithing_hammer":1,"minecraft:stone_pickaxe":3,"natprog:flint_hatchet":3,"minecraft:stone_hoe":1,"minecraft:wheat":99,"minecraft:glass_bottle":3,"minecraft:crafting_table":1,"minecraft:wooden_pickaxe":1,"minecraft:bucket":1,"minecraft:birch_planks":52,"minecraft:stone_axe":1,"minecraft:bread":33,"minecraft:air":0,"minecraft:oak_boat":1,"realisticforging:hotrawironore":30,"minecraft:charcoal":2,"toughasnails:water_purifier":1,"minecraft:shield":1,"minecraft:stick":4,"quark:oak_chest":1,"realisticforging:blacksmithstongs":1,"minecraft:iron_pickaxe":1,"minecraft:stone_sword":1,"minecraft:gold_ingot":7,"minecraft:white_bed":1,"minecraft:torch":4,"natprog:iron_saw":1},"minecraft:mined":{"minecraft:white_bed":9,"minecraft:stripped_birch_log":13,"minecraft:granite":1,"minecraft:grass_block":22,"natprog:granite_pebble":6,"realisticforging:big_stone":1,"natprog:andesite_pebble":5,"minecraft:hay_block":11,"minecraft:furnace":2,"minecraft:iron_ore":12,"treechop:chopped_log":10,"minecraft:bookshelf":1,"minecraft:potatoes":4,"regions_unexplored:maple_leaf_pile":3,"minecraft:stone":283,"regions_unexplored:silt_grass_block":24,"natprog:stone_pebble":1,"regions_unexplored:silver_birch_leaf_pile":7,"minecraft:crafting_table":6,"minecraft:torch":1,"regions_unexplored:silt_dirt":82,"minecraft:copper_ore":12,"minecraft:cobblestone":10,"minecraft:lapis_ore":1,"extractinator:silt":18,"minecraft:diorite":2,"minecraft:wall_torch":6,"natprog:twigs":7,"minecraft:stripped_oak_wood":4,"minecraft:grass":27,"minecraft:coal_ore":110,"minecraft:sand":84,"minecraft:gray_carpet":1,"minecraft:cobweb":4,"minecraft:chipped_anvil":2,"natprog:diorite_pebble":5,"minecraft:oak_leaves":24},"minecraft:custom":{"lootr:looted_stat":40,"minecraft:mob_kills":16,"minecraft:interact_with_crafting_table":16,"minecraft:leave_game":19,"minecraft:time_since_death":57051,"minecraft:climb_one_cm":2026,"minecraft:sprint_one_cm":1334045,"minecraft:walk_one_cm":531706,"minecraft:drop":17,"minecraft:play_time":203364,"minecraft:deaths":7,"minecraft:sneak_time":2019,"minecraft:walk_under_water_one_cm":29763,"minecraft:boat_one_cm":17803,"minecraft:jump":2094,"minecraft:interact_with_brewingstand":1,"minecraft:walk_on_water_one_cm":38966,"minecraft:total_world_time":203364,"minecraft:interact_with_furnace":72,"minecraft:sleep_in_bed":14,"minecraft:time_since_rest":3290,"minecraft:waystone_activated":2,"minecraft:damage_taken":3344,"minecraft:damage_dealt":3929,"minecraft:swim_one_cm":58318,"minecraft:fly_one_cm":1131469,"minecraft:open_chest":5,"minecraft:crouch_one_cm":4364,"minecraft:fall_one_cm":52285,"minecraft:horse_one_cm":881198},"minecraft:used":{"minecraft:writable_book":1,"minecraft:stone_sword":4,"toughasnails:water_purifier":1,"minecraft:stone_shovel":126,"minecraft:iron_sword":34,"minecraft:stone_hoe":38,"regions_unexplored:maple_leaf_pile":4,"minecraft:torch":6,"minecraft:dirt":8,"natprog:andesite_pebble":1,"toughasnails:empty_canteen":3,"minecraft:carrot":6,"natprog:iron_saw":1,"natprog:diorite_pebble":1,"minecraft:grass_block":1,"regions_unexplored:silver_birch_leaf_pile":26,"minecraft:furnace":6,"tombstone:gift":3,"minecraft:egg":1,"minecraft:potato":33,"natprog:flint_hatchet":36,"minecraft:cooked_mutton":3,"minecraft:water_bucket":25,"regions_unexplored:silver_birch_log":13,"minecraft:gray_carpet":1,"minecraft:glass_bottle":17,"minecraft:stone_pickaxe":335,"minecraft:baked_potato":8,"minecraft:wooden_pickaxe":70,"minecraft:horse_spawn_egg":8,"toughasnails:water_canteen":129,"minecraft:sand":1,"minecraft:crafting_table":6,"minecraft:white_bed":9,"minecraft:apple":4,"realisticforging:big_stone":1,"natprog:granite_pebble":3,"minecraft:bread":48,"minecraft:stone_axe":92,"minecraft:blue_carpet":1,"minecraft:cobblestone":41,"minecraft:potion":15,"travelersbackpack:standard":4,"toughasnails:purified_water_bottle":8,"toughasnails:purified_water_canteen":3,"minecraft:bucket":30,"quark:oak_chest":1,"minecraft:oak_boat":3}},"DataVersion":3465}