{"stats":{"minecraft:mined":{"minecraft:dirt":1,"natprog:twigs":1,"natprog:granite_pebble":1,"natprog:andesite_pebble":1,"natprog:diorite_pebble":2},"minecraft:custom":{"minecraft:time_since_rest":8411,"minecraft:sprint_one_cm":46441,"lootr:looted_stat":3,"minecraft:play_time":8411,"minecraft:damage_taken":210,"minecraft:walk_one_cm":12049,"minecraft:sneak_time":268,"minecraft:walk_under_water_one_cm":19496,"minecraft:jump":84,"minecraft:damage_dealt":40,"minecraft:leave_game":2,"minecraft:walk_on_water_one_cm":2909,"minecraft:time_since_death":8411,"minecraft:total_world_time":8411,"minecraft:swim_one_cm":5703,"minecraft:fall_one_cm":1105,"minecraft:fly_one_cm":162687},"minecraft:used":{"minecraft:baked_potato":5},"minecraft:picked_up":{"minecraft:stick":1,"natprog:granite_pebble":1,"natprog:diorite_pebble":2,"natprog:andesite_pebble":1,"minecraft:dirt":1}},"DataVersion":3465}