{"stats":{"minecraft:mined":{"minecraft:white_bed":6,"natprog:stone_pebble":1,"minecraft:crafting_table":6,"minecraft:torch":1,"minecraft:granite":1,"minecraft:grass_block":7,"regions_unexplored:silt_dirt":82,"natprog:granite_pebble":6,"minecraft:copper_ore":12,"minecraft:cobblestone":10,"minecraft:lapis_ore":1,"realisticforging:big_stone":1,"extractinator:silt":18,"natprog:andesite_pebble":5,"minecraft:diorite":2,"minecraft:wall_torch":5,"minecraft:furnace":2,"natprog:twigs":7,"minecraft:iron_ore":12,"treechop:chopped_log":7,"minecraft:grass":12,"minecraft:bookshelf":1,"minecraft:potatoes":4,"minecraft:coal_ore":72,"minecraft:sand":19,"minecraft:cobweb":4,"minecraft:stone":280,"regions_unexplored:silt_grass_block":24,"minecraft:chipped_anvil":2,"natprog:diorite_pebble":5,"minecraft:oak_leaves":24},"minecraft:crafted":{"minecraft:glass_bottle":3,"minecraft:oak_planks":31,"minecraft:stone_shovel":1,"minecraft:crafting_table":1,"minecraft:wooden_pickaxe":1,"minecraft:furnace":1,"minecraft:bucket":1,"minecraft:stone_axe":1,"minecraft:air":0,"minecraft:oak_boat":1,"minecraft:glass":3,"minecraft:shield":1,"minecraft:iron_pickaxe":1,"minecraft:stone_pickaxe":3,"minecraft:stone_sword":1,"minecraft:white_bed":1,"minecraft:torch":4,"natprog:flint_hatchet":3},"minecraft:broken":{"minecraft:stone_pickaxe":1,"natprog:flint_hatchet":1,"toughasnails:water_canteen":1,"minecraft:wooden_pickaxe":1},"minecraft:killed":{"alexsmobs:raccoon":1,"minecraft:spider":1,"minecraft:creeper":1,"minecraft:sheep":3,"minecraft:cow":2},"minecraft:custom":{"minecraft:interact_with_furnace":11,"lootr:looted_stat":23,"minecraft:mob_kills":8,"minecraft:interact_with_crafting_table":16,"minecraft:leave_game":13,"minecraft:time_since_death":28591,"minecraft:sleep_in_bed":5,"minecraft:climb_one_cm":820,"minecraft:time_since_rest":7759,"minecraft:waystone_activated":2,"minecraft:sprint_one_cm":718250,"minecraft:damage_taken":1803,"minecraft:walk_one_cm":299106,"minecraft:drop":5,"minecraft:damage_dealt":1033,"minecraft:swim_one_cm":53426,"minecraft:fly_one_cm":339552,"minecraft:crouch_one_cm":3211,"minecraft:play_time":81724,"minecraft:deaths":5,"minecraft:sneak_time":1153,"minecraft:walk_under_water_one_cm":26028,"minecraft:boat_one_cm":17803,"minecraft:interact_with_brewingstand":1,"minecraft:jump":1315,"minecraft:walk_on_water_one_cm":33407,"minecraft:fall_one_cm":28688,"minecraft:total_world_time":81724},"minecraft:dropped":{"toughasnails:water_canteen":1,"minecraft:wheat_seeds":2,"minecraft:potion":1,"minecraft:wooden_pickaxe":1},"minecraft:used":{"minecraft:cooked_mutton":3,"minecraft:water_bucket":13,"minecraft:stone_sword":4,"minecraft:glass_bottle":17,"minecraft:stone_shovel":38,"minecraft:stone_pickaxe":294,"minecraft:baked_potato":8,"minecraft:wooden_pickaxe":70,"minecraft:iron_sword":6,"toughasnails:water_canteen":34,"minecraft:torch":4,"natprog:andesite_pebble":1,"minecraft:dirt":8,"minecraft:crafting_table":6,"toughasnails:empty_canteen":1,"minecraft:carrot":6,"minecraft:white_bed":6,"natprog:diorite_pebble":1,"minecraft:apple":4,"natprog:granite_pebble":3,"minecraft:grass_block":1,"minecraft:bread":16,"minecraft:stone_axe":41,"minecraft:blue_carpet":1,"minecraft:cobblestone":36,"minecraft:potion":15,"travelersbackpack:standard":3,"toughasnails:purified_water_bottle":8,"minecraft:furnace":2,"minecraft:bucket":14,"tombstone:gift":2,"minecraft:oak_boat":3,"minecraft:egg":1,"natprog:flint_hatchet":36},"minecraft:picked_up":{"minecraft:stripped_oak_log":31,"minecraft:crafting_table":6,"minecraft:wheat":1,"minecraft:leather":2,"minecraft:wooden_pickaxe":1,"minecraft:potato":22,"minecraft:gunpowder":2,"realisticforging:copperore":21,"mca:book_romance":1,"minecraft:lapis_lazuli":7,"minecraft:dirt":8,"minecraft:string":3,"minecraft:cooked_mutton":3,"minecraft:bone":1,"minecraft:chipped_anvil":2,"natprog:stone_pebble":1,"minecraft:apple":5,"minecraft:wheat_seeds":5,"minecraft:stone_pickaxe":1,"minecraft:oak_boat":3,"natprog:cobbled_granite":1,"minecraft:egg":1,"minecraft:furnace":2,"minecraft:book":4,"natprog:granite_pebble":7,"minecraft:stick":15,"natprog:diorite_pebble":5,"minecraft:torch":8,"natprog:andesite_pebble":6,"minecraft:sand":29,"extractinator:silt":18,"natprog:cobbled_diorite":2,"minecraft:white_bed":6,"minecraft:carrot":22,"minecraft:blue_carpet":2,"toughasnails:water_canteen":1,"realisticforging:raw_iron_ore":30,"minecraft:oak_sapling":17,"minecraft:mutton":5,"realisticforging:big_stone":1,"minecraft:coal":120,"minecraft:white_wool":3,"minecraft:cobblestone":273}},"DataVersion":3465}