{"stats":{"minecraft:dropped":{"toughasnails:water_canteen":1,"minecraft:wheat_seeds":2,"minecraft:rotten_flesh":2,"minecraft:saddle":1,"minecraft:potion":1,"minecraft:arrow":3,"minecraft:wooden_pickaxe":1},"minecraft:broken":{"minecraft:stone_pickaxe":1,"natprog:flint_hatchet":1,"toughasnails:water_canteen":2,"minecraft:wooden_pickaxe":1},"minecraft:killed":{"alexsmobs:raccoon":1,"minecraft:spider":1,"minecraft:creeper":1,"minecraft:horse":6,"minecraft:sheep":3,"ars_nouveau:whirlisprig":1,"iceandfire:pixie":1,"minecraft:cow":2},"minecraft:used":{"minecraft:cooked_mutton":3,"minecraft:water_bucket":14,"minecraft:stone_sword":4,"minecraft:glass_bottle":17,"minecraft:stone_shovel":38,"minecraft:stone_pickaxe":335,"minecraft:baked_potato":8,"minecraft:wooden_pickaxe":70,"minecraft:iron_sword":34,"minecraft:horse_spawn_egg":8,"toughasnails:water_canteen":53,"minecraft:torch":6,"natprog:andesite_pebble":1,"minecraft:dirt":8,"minecraft:crafting_table":6,"toughasnails:empty_canteen":2,"minecraft:carrot":6,"minecraft:white_bed":9,"natprog:diorite_pebble":1,"minecraft:apple":4,"natprog:granite_pebble":3,"minecraft:grass_block":1,"minecraft:bread":24,"minecraft:stone_axe":42,"minecraft:blue_carpet":1,"minecraft:cobblestone":38,"minecraft:potion":15,"travelersbackpack:standard":3,"toughasnails:purified_water_bottle":8,"minecraft:furnace":2,"minecraft:bucket":14,"tombstone:gift":2,"minecraft:oak_boat":3,"minecraft:egg":1,"natprog:flint_hatchet":36},"minecraft:mined":{"minecraft:white_bed":9,"natprog:stone_pebble":1,"minecraft:crafting_table":6,"minecraft:torch":1,"minecraft:granite":1,"minecraft:grass_block":7,"regions_unexplored:silt_dirt":82,"natprog:granite_pebble":6,"minecraft:copper_ore":12,"minecraft:cobblestone":10,"minecraft:lapis_ore":1,"realisticforging:big_stone":1,"extractinator:silt":18,"natprog:andesite_pebble":5,"minecraft:diorite":2,"minecraft:wall_torch":6,"minecraft:furnace":2,"natprog:twigs":7,"minecraft:iron_ore":12,"minecraft:stripped_oak_wood":1,"treechop:chopped_log":7,"minecraft:grass":13,"minecraft:bookshelf":1,"minecraft:potatoes":4,"minecraft:coal_ore":110,"minecraft:sand":19,"minecraft:cobweb":4,"minecraft:stone":283,"regions_unexplored:silt_grass_block":24,"minecraft:chipped_anvil":2,"natprog:diorite_pebble":5,"minecraft:oak_leaves":24},"minecraft:crafted":{"minecraft:glass_bottle":3,"minecraft:oak_planks":31,"minecraft:stone_shovel":1,"minecraft:crafting_table":1,"minecraft:wooden_pickaxe":1,"minecraft:furnace":1,"minecraft:bucket":1,"minecraft:stone_axe":1,"minecraft:air":0,"minecraft:oak_boat":1,"minecraft:glass":3,"minecraft:shield":1,"minecraft:iron_pickaxe":1,"minecraft:stone_pickaxe":3,"minecraft:stone_sword":1,"minecraft:white_bed":1,"minecraft:torch":4,"natprog:flint_hatchet":3},"minecraft:custom":{"minecraft:interact_with_furnace":11,"lootr:looted_stat":35,"minecraft:mob_kills":16,"minecraft:interact_with_crafting_table":16,"minecraft:leave_game":14,"minecraft:time_since_death":78764,"minecraft:sleep_in_bed":8,"minecraft:climb_one_cm":820,"minecraft:waystone_activated":2,"minecraft:time_since_rest":18550,"minecraft:sprint_one_cm":889533,"minecraft:damage_taken":2100,"minecraft:walk_one_cm":363065,"minecraft:drop":10,"minecraft:damage_dealt":3929,"minecraft:swim_one_cm":56336,"minecraft:fly_one_cm":939355,"minecraft:crouch_one_cm":3566,"minecraft:play_time":131897,"minecraft:sneak_time":1583,"minecraft:deaths":5,"minecraft:walk_under_water_one_cm":27309,"minecraft:boat_one_cm":17803,"minecraft:interact_with_brewingstand":1,"minecraft:jump":1579,"minecraft:walk_on_water_one_cm":34701,"minecraft:fall_one_cm":35972,"minecraft:total_world_time":131897,"minecraft:horse_one_cm":881198},"minecraft:picked_up":{"minecraft:stripped_oak_log":31,"minecraft:crafting_table":6,"minecraft:wheat":1,"minecraft:leather":6,"minecraft:wooden_pickaxe":1,"minecraft:potato":22,"minecraft:gunpowder":2,"realisticforging:copperore":21,"mca:book_romance":1,"minecraft:lapis_lazuli":7,"minecraft:dirt":8,"minecraft:string":3,"minecraft:cooked_mutton":3,"minecraft:bone":4,"minecraft:chipped_anvil":2,"natprog:stone_pebble":1,"minecraft:apple":5,"minecraft:wheat_seeds":5,"minecraft:gold_nugget":64,"minecraft:stone_pickaxe":1,"minecraft:oak_boat":3,"natprog:cobbled_granite":1,"minecraft:egg":1,"minecraft:furnace":2,"minecraft:book":4,"natprog:granite_pebble":7,"iceandfire:pixie_dust":1,"minecraft:stick":15,"natprog:diorite_pebble":5,"minecraft:torch":9,"natprog:andesite_pebble":6,"minecraft:sand":29,"extractinator:silt":18,"natprog:cobbled_diorite":2,"minecraft:white_bed":9,"minecraft:carrot":22,"minecraft:blue_carpet":2,"minecraft:arrow":4,"toughasnails:water_canteen":1,"minecraft:rotten_flesh":2,"minecraft:red_tulip":1,"realisticforging:raw_iron_ore":60,"minecraft:oak_sapling":17,"minecraft:mutton":5,"realisticforging:big_stone":1,"minecraft:coal":158,"minecraft:white_wool":3,"minecraft:cobblestone":276}},"DataVersion":3465}