{"stats":{"minecraft:killed":{"minecraft:pig":8,"minecraft:chicken":3,"ars_nouveau:whirlisprig":1},"minecraft:crafted":{"minecraft:glass_bottle":3,"minecraft:oak_planks":4,"minecraft:stone_shovel":1,"minecraft:crafting_table":1,"minecraft:cooked_chicken":1,"minecraft:furnace":1,"minecraft:birch_planks":6,"minecraft:air":0,"minecraft:glass":3,"minecraft:stone_pickaxe":1,"natprog:flint_hatchet":2},"minecraft:dropped":{"aether:iron_gloves":1},"minecraft:mined":{"regions_unexplored:spruce_shrub":2,"minecraft:redstone_block":4,"minecraft:farmland":1,"minecraft:brewing_stand":1,"minecraft:crafting_table":1,"minecraft:grass_block":1,"regions_unexplored:pine_shrub":4,"natprog:granite_pebble":3,"minecraft:tall_grass":1,"minecraft:cobblestone":29,"minecraft:spruce_leaves":1,"minecraft:cyan_bed":2,"realisticforging:big_stone":1,"natprog:andesite_pebble":2,"minecraft:large_fern":1,"minecraft:tall_seagrass":1,"natprog:create_veridium_pebble":2,"minecraft:furnace":2,"minecraft:carrots":15,"natprog:twigs":14,"minecraft:iron_ore":2,"minecraft:jukebox":1,"minecraft:birch_leaves":3,"minecraft:pumpkin":3,"treechop:chopped_log":2,"minecraft:grass":16,"minecraft:lantern":1,"minecraft:gravel":30,"minecraft:sand":4,"regions_unexplored:medium_grass":2,"minecraft:stone":13,"natprog:deepslate_pebble":1,"natprog:diorite_pebble":10,"minecraft:oak_leaves":6,"minecraft:fern":3,"minecraft:redstone_lamp":4,"regions_unexplored:tassel":2},"minecraft:picked_up":{"minecraft:stripped_oak_log":4,"minecraft:crafting_table":1,"minecraft:feather":4,"minecraft:redstone_block":3,"minecraft:chicken":3,"minecraft:redstone_lamp":4,"aether:iron_gloves":1,"minecraft:flint":4,"minecraft:brewing_stand":1,"regions_unexplored:tassel":2,"minecraft:dirt":1,"minecraft:stripped_birch_log":6,"regions_unexplored:spruce_shrub":2,"minecraft:apple":1,"minecraft:wheat_seeds":2,"natprog:create_veridium_pebble":2,"minecraft:birch_sapling":3,"regions_unexplored:pine_shrub":1,"minecraft:egg":1,"minecraft:furnace":2,"minecraft:stick":17,"natprog:granite_pebble":3,"natprog:diorite_pebble":10,"minecraft:jukebox":1,"minecraft:pumpkin":2,"natprog:andesite_pebble":1,"minecraft:gravel":26,"minecraft:porkchop":12,"minecraft:sand":3,"minecraft:cyan_bed":2,"minecraft:carrot":18,"natprog:deepslate_pebble":1,"realisticforging:raw_iron_ore":5,"minecraft:oak_sapling":3,"realisticforging:big_stone":1,"minecraft:cobblestone":41},"minecraft:used":{"minecraft:stone_pickaxe":55,"minecraft:glass_bottle":11,"minecraft:stone_shovel":34,"minecraft:iron_sword":23,"minecraft:cooked_chicken":1,"minecraft:dirt":1,"minecraft:crafting_table":1,"natprog:diorite_pebble":5,"minecraft:apple":5,"minecraft:chicken":2,"minecraft:bread":1,"minecraft:cyan_bed":1,"minecraft:iron_pickaxe":3,"minecraft:birch_sapling":3,"natprog:create_veridium_pebble":1,"minecraft:gravel":26,"minecraft:cobblestone":30,"minecraft:potion":11,"minecraft:furnace":2,"minecraft:oak_sapling":3,"minecraft:porkchop":8,"natprog:flint_hatchet":22,"minecraft:pumpkin":2},"minecraft:custom":{"minecraft:interact_with_furnace":10,"lootr:looted_stat":13,"minecraft:mob_kills":12,"minecraft:interact_with_crafting_table":9,"minecraft:leave_game":10,"minecraft:time_since_death":70,"minecraft:sleep_in_bed":3,"minecraft:climb_one_cm":153,"minecraft:time_since_rest":1,"minecraft:waystone_activated":1,"minecraft:sprint_one_cm":134677,"minecraft:damage_taken":350,"minecraft:walk_one_cm":157927,"minecraft:drop":1,"minecraft:damage_dealt":1431,"minecraft:swim_one_cm":44421,"minecraft:fly_one_cm":178958,"minecraft:crouch_one_cm":3224,"minecraft:play_time":27853,"minecraft:deaths":1,"minecraft:sneak_time":804,"minecraft:walk_under_water_one_cm":20676,"minecraft:jump":905,"minecraft:walk_on_water_one_cm":22134,"minecraft:total_world_time":27853,"minecraft:fall_one_cm":21712,"minecraft:inspect_dispenser":1}},"DataVersion":3465}