{"stats":{"minecraft:crafted":{"minecraft:brick":3,"minecraft:oak_planks":36,"natprog:flint_saw":1,"minecraft:cooked_chicken":1,"minecraft:furnace":1,"realisticforging:emptymold":1,"toughasnails:leaf_leggings":1,"minecraft:cooked_mutton":20,"realisticforging:smithing_stone_hammer":1,"minecraft:glass":12,"quark:acacia_chest":1,"travelersbackpack:white_sleeping_bag":1,"realisticforging:two_sticks":2,"minecraft:stone_pickaxe":2,"toughasnails:leaf_helmet":1,"natprog:flint_hatchet":3,"minecraft:wheat":144,"minecraft:cooked_beef":10,"toughasnails:leaf_boots":1,"minecraft:wooden_shovel":1,"minecraft:crafting_table":2,"toughasnails:leaf_chestplate":1,"travelersbackpack:backpack_tank":2,"minecraft:wooden_pickaxe":1,"travelersbackpack:standard":1,"minecraft:stone_axe":2,"minecraft:bread":48,"minecraft:air":0,"realisticforging:hotrawironore":5,"minecraft:wooden_hoe":1,"minecraft:stick":16,"minecraft:wooden_axe":1,"minecraft:torch":4,"minecraft:shears":1,"toughasnails:empty_canteen":1},"minecraft:used":{"minecraft:iron_sword":64,"minecraft:wooden_shovel":15,"minecraft:cooked_chicken":1,"minecraft:torch":3,"minecraft:dirt":1,"natprog:andesite_pebble":5,"toughasnails:empty_canteen":8,"natprog:diorite_pebble":3,"minecraft:wooden_axe":32,"natprog:cobbled_granite":9,"minecraft:item_frame":1,"minecraft:furnace":4,"tombstone:gift":6,"minecraft:cooked_beef":5,"natprog:flint_hatchet":26,"minecraft:brown_bed":3,"minecraft:stone_pickaxe":262,"minecraft:oak_planks":11,"minecraft:wooden_pickaxe":31,"minecraft:stonecutter":1,"natprog:cobbled_andesite":5,"toughasnails:water_canteen":160,"natprog:deepslate_pebble":1,"minecraft:crafting_table":8,"minecraft:blast_furnace":2,"minecraft:shears":32,"minecraft:smoker":1,"waystones:waystone":1,"minecraft:wooden_hoe":12,"realisticforging:big_stone":1,"minecraft:chicken":1,"minecraft:bread":26,"minecraft:iron_pickaxe":157,"travelersbackpack:white_sleeping_bag":1,"minecraft:stone_axe":16,"minecraft:chiseled_stone_bricks":1,"minecraft:cobblestone":173,"travelersbackpack:standard":2,"minecraft:grindstone":1,"alexsmobs:animal_dictionary":1,"natprog:cobbled_diorite":15},"minecraft:dropped":{"toughasnails:water_canteen":2,"minecraft:spruce_leaves":1,"minecraft:torch":2,"realisticforging:hotrawironore":4,"minecraft:cooked_mutton":3,"minecraft:wooden_pickaxe":1},"minecraft:killed":{"minecraft:horse":6,"minecraft:chicken":6,"artifacts:mimic":1,"ars_nouveau:drygmy":1,"minecraft:sheep":12,"minecraft:zombie":2,"alexsmobs:crow":1,"minecraft:cow":9},"minecraft:picked_up":{"minecraft:spruce_leaves":1,"minecraft:crafting_table":6,"minecraft:chicken":5,"minecraft:brown_bed":4,"minecraft:heavy_weighted_pressure_plate":1,"minecraft:item_frame":1,"natprog:cobbled_andesite":5,"minecraft:beef":18,"minecraft:iron_pickaxe":1,"minecraft:egg":1,"natprog:cobbled_granite":9,"minecraft:iron_boots":1,"minecraft:furnace":3,"minecraft:stick":24,"natprog:diorite_pebble":7,"minecraft:torch":3,"natprog:cobbled_diorite":17,"minecraft:blue_carpet":2,"minecraft:pink_terracotta":2,"minecraft:arrow":3,"minecraft:rotten_flesh":4,"minecraft:hay_block":16,"realisticforging:raw_iron_ore":248,"minecraft:mutton":17,"minecraft:cobblestone":202,"minecraft:white_wool":11,"minecraft:stripped_oak_log":21,"minecraft:feather":6,"minecraft:leather":7,"minecraft:smoker":2,"minecraft:oak_log":2,"artifacts:cloud_in_a_bottle":1,"realisticforging:copperore":12,"mca:book_romance":1,"minecraft:dirt":1,"minecraft:polished_granite":1,"minecraft:red_carpet":1,"minecraft:bone":17,"minecraft:acacia_planks":9,"minecraft:apple":3,"minecraft:stonecutter":1,"minecraft:wheat_seeds":9,"minecraft:grindstone":1,"minecraft:chiseled_stone_bricks":1,"realisticforging:hotrawironore":1,"natprog:andesite_pebble":19,"minecraft:sand":12,"minecraft:blast_furnace":2,"natprog:deepslate_pebble":1,"travelersbackpack:white_sleeping_bag":1,"minecraft:polished_andesite":1,"toughasnails:water_canteen":3,"iceandfire:lectern":1,"realisticforging:carvedemeraldblock":3,"waystones:waystone":1,"minecraft:iron_helmet":2,"minecraft:coal":113,"minecraft:bread":1,"minecraft:brown_banner":1,"minecraft:terracotta":4,"minecraft:oak_sapling":13,"minecraft:acacia_slab":1,"minecraft:black_wool":1,"realisticforging:big_stone":1,"minecraft:oak_leaves":29},"minecraft:broken":{"toughasnails:water_canteen":7,"minecraft:stone_pickaxe":2},"minecraft:mined":{"minecraft:yellow_terracotta":2,"minecraft:blue_carpet":2,"minecraft:red_carpet":1,"minecraft:mossy_cobblestone":4,"minecraft:granite":9,"minecraft:grass_block":1,"iceandfire:lectern":1,"travelersbackpack:white_sleeping_bag":1,"minecraft:spruce_leaves":3,"minecraft:acacia_slab":1,"realisticforging:big_stone":1,"natprog:andesite_pebble":16,"minecraft:chiseled_stone_bricks":1,"minecraft:hay_block":16,"minecraft:furnace":3,"minecraft:iron_ore":96,"minecraft:orange_stained_glass_pane":1,"minecraft:andesite":5,"treechop:chopped_log":5,"minecraft:brown_bed":4,"minecraft:stone":164,"natprog:deepslate_pebble":1,"regions_unexplored:windswept_grass":2,"minecraft:pink_terracotta":2,"minecraft:light_gray_carpet":1,"minecraft:smoker":2,"minecraft:orange_terracotta":3,"minecraft:polished_granite":1,"minecraft:crafting_table":6,"minecraft:torch":1,"minecraft:blast_furnace":3,"minecraft:emerald_ore":3,"minecraft:tall_grass":3,"minecraft:cobblestone":3,"minecraft:quartz_bricks":3,"minecraft:grindstone":1,"minecraft:diorite":17,"minecraft:wall_torch":2,"natprog:twigs":16,"minecraft:wheat":1,"minecraft:brown_wall_banner":1,"minecraft:yellow_bed":1,"minecraft:grass":12,"minecraft:coal_ore":113,"minecraft:sand":15,"minecraft:terracotta":4,"minecraft:acacia_planks":11,"minecraft:stonecutter":1,"minecraft:polished_andesite":1,"natprog:diorite_pebble":7,"minecraft:oak_leaves":59},"minecraft:killed_by":{"artifacts:mimic":1,"minecraft:zombie":1},"minecraft:custom":{"lootr:looted_stat":50,"minecraft:interact_with_anvil":1,"minecraft:mob_kills":38,"minecraft:interact_with_crafting_table":34,"minecraft:bell_ring":2,"minecraft:leave_game":14,"minecraft:time_since_death":1461,"minecraft:climb_one_cm":7379,"minecraft:sprint_one_cm":960571,"minecraft:walk_one_cm":811971,"minecraft:drop":10,"minecraft:play_time":157826,"minecraft:deaths":8,"minecraft:sneak_time":1827,"minecraft:walk_under_water_one_cm":38643,"minecraft:jump":2783,"minecraft:interact_with_blast_furnace":5,"minecraft:walk_on_water_one_cm":43792,"minecraft:total_world_time":157826,"minecraft:interact_with_furnace":27,"minecraft:interact_with_stonecutter":1,"minecraft:sleep_in_bed":15,"minecraft:time_since_rest":1195,"minecraft:waystone_activated":4,"minecraft:damage_taken":3005,"minecraft:damage_dealt":4530,"minecraft:swim_one_cm":80089,"minecraft:fly_one_cm":953662,"minecraft:crouch_one_cm":3375,"tombstone:undead_killed":2,"minecraft:interact_with_smoker":5,"minecraft:fall_one_cm":149367}},"DataVersion":3465}