{"stats":{"minecraft:killed":{"alexsmobs:flying_fish":2},"minecraft:crafted":{"minecraft:glass_bottle":3,"minecraft:glass":3,"minecraft:oak_planks":10,"minecraft:iron_axe":1,"minecraft:crafting_table":1,"minecraft:furnace":1,"natprog:flint_hatchet":1,"minecraft:air":0},"minecraft:dropped":{"minecraft:beetroot_seeds":5,"minecraft:beetroot":1,"minecraft:cobblestone":2,"minecraft:stick":5},"minecraft:mined":{"minecraft:oak_sapling":1,"minecraft:carrots":2,"treechop:chopped_log":2,"minecraft:sand":3,"minecraft:stone":16,"minecraft:oak_leaves":8},"minecraft:picked_up":{"minecraft:stripped_oak_log":10,"minecraft:stick":13,"minecraft:wheat":11,"minecraft:sand":3,"minecraft:carrot":4,"minecraft:iron_horse_armor":1,"minecraft:dirt":1,"minecraft:apple":1,"minecraft:beetroot":3,"minecraft:beetroot_seeds":5,"minecraft:wheat_seeds":15,"minecraft:oak_sapling":3,"alexsmobs:flying_fish":2,"minecraft:cobblestone":16},"minecraft:used":{"minecraft:beetroot":2,"minecraft:apple":4,"minecraft:iron_axe":15,"minecraft:glass_bottle":14,"minecraft:bread":2,"minecraft:iron_pickaxe":16,"minecraft:iron_helmet":1,"minecraft:iron_sword":5,"minecraft:iron_boots":1,"minecraft:iron_chestplate":1,"minecraft:dirt":1,"minecraft:potion":11,"minecraft:crafting_table":1,"minecraft:furnace":1,"minecraft:carrot":5,"alexsmobs:animal_dictionary":2,"minecraft:egg":1,"natprog:flint_hatchet":9},"minecraft:custom":{"minecraft:time_since_rest":10229,"minecraft:waystone_activated":1,"lootr:looted_stat":13,"minecraft:interact_with_furnace":13,"minecraft:sprint_one_cm":42547,"minecraft:damage_taken":410,"minecraft:walk_one_cm":71573,"minecraft:mob_kills":2,"minecraft:drop":9,"minecraft:damage_dealt":133,"minecraft:swim_one_cm":30712,"minecraft:interact_with_crafting_table":5,"minecraft:fly_one_cm":71419,"minecraft:open_chest":1,"minecraft:play_time":16113,"minecraft:deaths":1,"minecraft:sneak_time":471,"minecraft:walk_under_water_one_cm":34445,"minecraft:jump":340,"minecraft:leave_game":6,"minecraft:walk_on_water_one_cm":25678,"minecraft:time_since_death":14612,"minecraft:sleep_in_bed":1,"minecraft:climb_one_cm":57,"minecraft:total_world_time":16113,"minecraft:fall_one_cm":8947}},"DataVersion":3465}