{"stats":{"minecraft:killed":{"minecraft:spider":1,"minecraft:cod":1,"minecraft:horse":8,"minecraft:skeleton":10,"minecraft:creeper":11,"minecraft:zombie":14,"iceandfire:ghost":3,"minecraft:stray":1,"minecraft:wither_skeleton":2,"minecraft:cow":12},"minecraft:crafted":{"minecraft:stone_shovel":1,"minecraft:oak_planks":142,"minecraft:redstone":27,"minecraft:coal":18,"minecraft:iron_nugget":9,"travelersbackpack:blank_upgrade":4,"minecraft:glass":31,"realisticforging:smithing_hammer":1,"minecraft:iron_axe":1,"realisticforging:two_sticks":1,"minecraft:chest":4,"toughasnails:leaf_helmet":1,"natprog:flint_hatchet":2,"minecraft:wheat":342,"minecraft:cooked_beef":28,"minecraft:glass_bottle":6,"toughasnails:leaf_boots":1,"minecraft:stripped_oak_log":25,"travelersbackpack:iron_tier_upgrade":1,"minecraft:cauldron":1,"minecraft:crafting_table":1,"travelersbackpack:backpack_tank":2,"minecraft:wooden_pickaxe":1,"travelersbackpack:standard":1,"minecraft:smithing_table":1,"minecraft:bucket":1,"minecraft:air":0,"minecraft:bread":129,"realisticforging:hotrawironore":18,"toughasnails:water_purifier":1,"minecraft:charcoal":6,"realisticforging:blacksmithstongs":1,"quark:oak_chest":5,"minecraft:wooden_axe":1,"natprog:iron_saw":1,"minecraft:shears":1,"toughasnails:empty_canteen":1},"minecraft:used":{"minecraft:iron_bars":2,"toughasnails:water_purifier":1,"minecraft:stone_shovel":99,"minecraft:chest":4,"minecraft:iron_sword":243,"toughasnails:leaf_boots":1,"minecraft:orange_bed":3,"minecraft:torch":41,"toughasnails:empty_canteen":7,"minecraft:carrot":10,"minecraft:wooden_axe":1,"minecraft:iron_axe":47,"minecraft:birch_sapling":1,"minecraft:iron_helmet":1,"minecraft:iron_boots":2,"minecraft:stone_brick_stairs":2,"minecraft:stone_bricks":131,"minecraft:furnace":6,"tombstone:gift":3,"natprog:flint_hatchet":24,"minecraft:light_gray_bed":5,"minecraft:wheat_seeds":26,"minecraft:water_bucket":35,"epicfight:skillbook":10,"minecraft:glass_bottle":24,"minecraft:stone_pickaxe":52,"minecraft:baked_potato":1,"minecraft:wooden_pickaxe":43,"minecraft:leather_chestplate":1,"minecraft:chainmail_helmet":1,"minecraft:cauldron":1,"toughasnails:water_canteen":151,"minecraft:cracked_stone_bricks":2,"minecraft:golden_apple":1,"minecraft:sand":1,"minecraft:lime_bed":1,"minecraft:crafting_table":6,"minecraft:shears":17,"minecraft:oak_log":8,"minecraft:diamond_pickaxe":122,"realisticforging:big_stone":1,"natprog:granite_pebble":4,"minecraft:bread":64,"minecraft:iron_pickaxe":258,"minecraft:leather_helmet":1,"minecraft:oak_pressure_plate":1,"minecraft:cobblestone":22,"minecraft:potion":19,"travelersbackpack:standard":6,"minecraft:smithing_table":1,"toughasnails:purified_water_canteen":3,"minecraft:bucket":36,"minecraft:chainmail_leggings":1},"minecraft:dropped":{"iceandfire:raw_silver":1,"minecraft:brown_mushroom":1,"minecraft:wheat_seeds":103,"minecraft:oak_pressure_plate":1,"minecraft:baked_potato":1,"minecraft:glass_bottle":1,"minecraft:crafting_table":1,"minecraft:apple":5,"minecraft:cracked_stone_bricks":4,"minecraft:saddle":1,"minecraft:polished_andesite":3,"natprog:granite_pebble":1,"minecraft:dirt":1,"tombstone:magic_scroll":1,"tombstone:grave_dust":2,"minecraft:potion":7,"minecraft:iron_leggings":1,"minecraft:oak_stairs":2,"minecraft:polished_andesite_stairs":3,"minecraft:wither_rose":1,"minecraft:sand":1,"natprog:cobbled_tuff":6,"minecraft:blue_carpet":5,"minecraft:bone":1,"minecraft:kelp":1,"realisticforging:hotrawironore":2,"alexsmobs:animal_dictionary":1,"aether:golden_gloves":1,"minecraft:birch_sapling":1,"minecraft:wheat":1,"minecraft:rotten_flesh":3,"natprog:stone_pebble":1,"minecraft:diamond_shovel":1,"minecraft:stripped_oak_log":2,"minecraft:leather_chestplate":1,"aether:iron_gloves":1,"minecraft:skeleton_skull":1,"minecraft:melon_seeds":3,"minecraft:oak_sapling":12,"minecraft:stone_bricks":16,"minecraft:iron_bars":5,"minecraft:beef":2,"minecraft:stone_pickaxe":2,"minecraft:wooden_pickaxe":1,"minecraft:stone_brick_stairs":1,"minecraft:oak_leaves":5,"natprog:cobbled_diorite":6,"ars_nouveau:warp_scroll":2,"minecraft:brick":10},"minecraft:broken":{"aether:golden_gloves":1,"toughasnails:water_canteen":6},"minecraft:custom":{"minecraft:interact_with_smithing_table":5,"lootr:looted_stat":92,"minecraft:mob_kills":63,"minecraft:interact_with_crafting_table":38,"minecraft:fill_cauldron":2,"minecraft:leave_game":9,"minecraft:time_since_death":33601,"minecraft:climb_one_cm":2525,"minecraft:sprint_one_cm":1216636,"minecraft:walk_one_cm":569089,"minecraft:drop":108,"minecraft:play_time":166509,"minecraft:sneak_time":13517,"minecraft:deaths":5,"minecraft:walk_under_water_one_cm":49770,"minecraft:jump":1866,"minecraft:walk_on_water_one_cm":65237,"minecraft:total_world_time":166509,"minecraft:interact_with_furnace":86,"minecraft:tune_noteblock":1,"minecraft:sleep_in_bed":10,"minecraft:time_since_rest":10648,"minecraft:waystone_activated":1,"minecraft:damage_taken":3103,"minecraft:damage_absorbed":40,"minecraft:trigger_trapped_chest":3,"minecraft:damage_dealt":11681,"minecraft:swim_one_cm":93027,"minecraft:fly_one_cm":538206,"minecraft:open_chest":32,"minecraft:crouch_one_cm":58199,"tombstone:undead_killed":30,"minecraft:use_cauldron":1,"minecraft:fall_one_cm":37113},"minecraft:mined":{"minecraft:tuff":6,"minecraft:stone_pressure_plate":1,"minecraft:light_gray_stained_glass_pane":1,"iceandfire:silver_ore":1,"minecraft:mossy_cobblestone":1,"minecraft:cobblestone_stairs":1,"minecraft:red_nether_bricks":1,"minecraft:brewing_stand":3,"minecraft:nether_bricks":10,"minecraft:granite":7,"minecraft:grass_block":78,"minecraft:light_gray_bed":5,"natprog:granite_pebble":8,"minecraft:oak_pressure_plate":2,"minecraft:coal_block":2,"realisticforging:big_stone":1,"natprog:andesite_pebble":5,"minecraft:kelp":1,"minecraft:spawner":35,"minecraft:hay_block":39,"minecraft:magma_block":1,"minecraft:furnace":6,"minecraft:carrots":2,"minecraft:mossy_cobblestone_stairs":1,"minecraft:iron_ore":7,"minecraft:fire":4,"minecraft:andesite":12,"treechop:chopped_log":6,"minecraft:nether_brick_stairs":2,"minecraft:mossy_stone_brick_stairs":2,"minecraft:vine":2,"minecraft:oak_stairs":1,"minecraft:iron_bars":19,"minecraft:stripped_oak_log":8,"regions_unexplored:apple_oak_leaves":3,"regions_unexplored:medium_grass":2,"minecraft:stone":184,"minecraft:orange_bed":3,"minecraft:redstone_block":3,"minecraft:soul_sand":1,"minecraft:melon_stem":1,"minecraft:crafting_table":7,"minecraft:torch":7,"minecraft:calcite":1,"minecraft:melon":1,"minecraft:polished_andesite_stairs":7,"minecraft:tall_grass":11,"minecraft:cobblestone":8,"minecraft:sugar_cane":7,"minecraft:diorite":6,"minecraft:wall_torch":6,"minecraft:skeleton_skull":1,"minecraft:lime_bed":1,"natprog:twigs":8,"minecraft:wheat":42,"minecraft:stone_brick_stairs":4,"minecraft:wither_rose":1,"minecraft:grass":27,"minecraft:coal_ore":6,"minecraft:dirt":2,"minecraft:sand":35,"minecraft:smooth_basalt":1,"minecraft:cracked_stone_bricks":4,"minecraft:gold_ore":2,"minecraft:polished_andesite":3,"minecraft:stone_bricks":40,"minecraft:deepslate":74,"minecraft:mossy_stone_bricks":3,"minecraft:oak_leaves":24},"minecraft:picked_up":{"minecraft:charcoal":3,"minecraft:crafting_table":7,"minecraft:wheat":40,"minecraft:redstone_block":3,"minecraft:brown_mushroom":1,"natprog:flint_hatchet":1,"minecraft:oak_stairs":2,"minecraft:wither_rose":1,"minecraft:potion":2,"minecraft:stone_brick_stairs":3,"minecraft:brewing_stand":3,"minecraft:brick":10,"natprog:stone_pebble":1,"minecraft:cracked_stone_bricks":6,"minecraft:cobbled_deepslate":17,"minecraft:beef":30,"minecraft:coal_block":2,"minecraft:sugar_cane":12,"minecraft:birch_sapling":2,"minecraft:furnace":6,"minecraft:stick":17,"minecraft:torch":81,"epicfight:skillbook":2,"tombstone:grave_dust":3,"natprog:cobbled_diorite":6,"minecraft:carrot":2,"minecraft:blue_carpet":5,"minecraft:orange_bed":3,"minecraft:arrow":10,"minecraft:rotten_flesh":9,"minecraft:light_gray_bed":5,"minecraft:hay_block":38,"realisticforging:raw_iron_ore":18,"natprog:cobbled_tuff":6,"minecraft:iron_bars":11,"minecraft:cod":1,"minecraft:skeleton_skull":1,"minecraft:cobblestone":150,"minecraft:stripped_oak_log":20,"minecraft:lime_bed":1,"minecraft:leather":23,"minecraft:oak_log":39,"minecraft:gunpowder":12,"minecraft:dirt":80,"minecraft:bone":8,"minecraft:apple":1,"minecraft:stone_bricks":39,"minecraft:kelp":1,"minecraft:wheat_seeds":129,"minecraft:mossy_stone_bricks":2,"minecraft:glass_bottle":1,"minecraft:mossy_stone_brick_stairs":1,"minecraft:polished_andesite_stairs":7,"natprog:granite_pebble":8,"realisticforging:hotrawironore":2,"minecraft:oak_pressure_plate":2,"natprog:andesite_pebble":5,"minecraft:sand":34,"minecraft:nether_brick_stairs":2,"minecraft:spider_eye":1,"alexsmobs:animal_dictionary":1,"minecraft:polished_andesite":3,"minecraft:diamond_shovel":1,"waystones:waystone":1,"realisticforging:big_stone":1,"tombstone:magic_scroll":1,"minecraft:oak_sapling":32,"minecraft:melon_seeds":3,"minecraft:coal":32,"minecraft:oak_leaves":14,"iceandfire:raw_silver":1}},"DataVersion":3465}