{"stats":{"minecraft:mined":{"natprog:stone_pebble":1,"minecraft:crafting_table":1,"minecraft:grass_block":1,"regions_unexplored:pine_shrub":1,"natprog:granite_pebble":8,"minecraft:tall_grass":2,"minecraft:cyan_bed":7,"realisticforging:big_stone":1,"natprog:andesite_pebble":3,"minecraft:hay_block":1,"minecraft:furnace":1,"minecraft:carrots":2,"natprog:twigs":7,"minecraft:iron_ore":11,"minecraft:fire":1,"minecraft:birch_leaves":15,"treechop:chopped_log":8,"minecraft:grass":5,"minecraft:coal_ore":21,"iceandfire:gold_pile":2,"minecraft:vine":1,"minecraft:stone":17,"natprog:deepslate_pebble":1,"minecraft:chipped_anvil":1,"natprog:diorite_pebble":3,"minecraft:oak_leaves":6},"minecraft:crafted":{"minecraft:cooked_beef":16,"realisticforging:smithing_wood_hammer":1,"minecraft:oak_planks":11,"quark:birch_chest":1,"minecraft:crafting_table":1,"minecraft:wooden_pickaxe":1,"minecraft:birch_boat":1,"minecraft:iron_sword":1,"minecraft:furnace":1,"minecraft:bucket":1,"minecraft:birch_planks":29,"minecraft:stone_axe":1,"minecraft:bread":3,"minecraft:air":0,"realisticforging:hotrawironore":7,"minecraft:shield":1,"realisticforging:two_sticks":7,"minecraft:stick":20,"minecraft:stone_pickaxe":1,"minecraft:stone_sword":1,"natprog:flint_hatchet":3,"toughasnails:empty_canteen":2,"minecraft:wheat":9},"minecraft:broken":{"toughasnails:water_canteen":6},"minecraft:killed":{"cataclysm:deepling_angler":1,"minecraft:cave_spider":1,"minecraft:spider":1,"minecraft:creeper":1,"minecraft:zombie":2,"iceandfire:ghost":2,"cataclysm:lionfish":1,"mca:female_villager":1,"minecraft:cow":7},"minecraft:custom":{"minecraft:interact_with_furnace":29,"lootr:looted_stat":26,"minecraft:mob_kills":17,"minecraft:interact_with_crafting_table":13,"minecraft:leave_game":3,"minecraft:time_since_death":42045,"minecraft:sleep_in_bed":6,"minecraft:climb_one_cm":98,"minecraft:time_since_rest":7419,"minecraft:waystone_activated":1,"minecraft:sprint_one_cm":409809,"minecraft:damage_taken":1363,"minecraft:walk_one_cm":230930,"minecraft:trigger_trapped_chest":2,"minecraft:drop":22,"minecraft:damage_dealt":2607,"minecraft:damage_dealt_absorbed":26,"minecraft:swim_one_cm":40216,"minecraft:fly_one_cm":633844,"minecraft:player_kills":1,"minecraft:open_chest":12,"minecraft:crouch_one_cm":2824,"tombstone:undead_killed":4,"minecraft:play_time":71947,"minecraft:deaths":3,"minecraft:sneak_time":1093,"minecraft:walk_under_water_one_cm":60319,"minecraft:boat_one_cm":37995,"tombstone:villager_killed":1,"minecraft:jump":1626,"minecraft:walk_on_water_one_cm":13453,"minecraft:fall_one_cm":41840,"minecraft:total_world_time":71947,"minecraft:inspect_dispenser":1,"minecraft:horse_one_cm":180686},"minecraft:dropped":{"realisticforging:hotrawironore":1,"minecraft:wheat_seeds":11,"minecraft:stone_sword":1,"cataclysm:lionfish":2,"minecraft:wheat":2,"minecraft:beetroot":2,"minecraft:lead":1,"natprog:stone_pebble":1,"minecraft:beetroot_seeds":6,"realisticforging:two_sticks":1,"tombstone:grave_dust":1,"minecraft:gold_nugget":130,"minecraft:spider_eye":1,"minecraft:red_tulip":1,"minecraft:stone_pickaxe":2},"minecraft:used":{"minecraft:water_bucket":77,"quark:birch_chest":1,"minecraft:stone_pickaxe":24,"minecraft:wooden_pickaxe":17,"minecraft:birch_boat":2,"minecraft:iron_sword":44,"toughasnails:water_canteen":54,"minecraft:crafting_table":1,"toughasnails:empty_canteen":8,"minecraft:firework_rocket":9,"realisticforging:big_stone":1,"minecraft:bread":18,"minecraft:cyan_bed":6,"minecraft:iron_pickaxe":12,"minecraft:stone_axe":61,"minecraft:furnace":1,"minecraft:oak_sapling":1,"minecraft:bucket":78,"tombstone:gift":2,"minecraft:cooked_beef":4,"natprog:flint_hatchet":35},"minecraft:picked_up":{"minecraft:stripped_oak_log":11,"minecraft:birch_log":7,"minecraft:crafting_table":1,"minecraft:wheat":4,"realisticforging:two_sticks":1,"minecraft:leather":8,"minecraft:lead":1,"quark:hollow_oak_log":3,"minecraft:gunpowder":2,"minecraft:dirt":1,"minecraft:stripped_birch_log":29,"minecraft:string":1,"minecraft:moss_carpet":1,"minecraft:bone":1,"minecraft:chipped_anvil":1,"natprog:stone_pebble":2,"minecraft:beetroot":2,"minecraft:wheat_seeds":13,"minecraft:gold_nugget":132,"minecraft:beef":16,"minecraft:stone_pickaxe":1,"minecraft:birch_sapling":11,"minecraft:furnace":1,"natprog:granite_pebble":8,"minecraft:stick":13,"minecraft:birch_boat":2,"natprog:diorite_pebble":4,"realisticforging:hotrawironore":1,"natprog:andesite_pebble":3,"tombstone:grave_dust":1,"minecraft:carrot":26,"minecraft:cyan_bed":7,"natprog:deepslate_pebble":1,"minecraft:spider_eye":1,"cataclysm:lionfish":1,"minecraft:stone_sword":1,"minecraft:beetroot_seeds":6,"waystones:waystone":1,"minecraft:hay_block":1,"minecraft:red_tulip":1,"realisticforging:raw_iron_ore":28,"minecraft:saddle":1,"minecraft:bread":1,"minecraft:oak_sapling":1,"realisticforging:smithing_wood_hammer":1,"realisticforging:big_stone":2,"minecraft:coal":34,"minecraft:cobblestone":17}},"DataVersion":3465}