{"stats":{"minecraft:dropped":{"realisticforging:hotrawironore":1,"minecraft:wheat_seeds":11,"minecraft:stone_sword":1,"cataclysm:lionfish":2,"minecraft:wheat":2,"minecraft:beetroot":2,"minecraft:lead":1,"natprog:stone_pebble":1,"minecraft:beetroot_seeds":6,"realisticforging:two_sticks":1,"tombstone:grave_dust":1,"minecraft:spider_eye":1,"minecraft:gold_nugget":130,"minecraft:stone_pickaxe":2,"minecraft:red_tulip":1},"minecraft:broken":{"toughasnails:water_canteen":7},"minecraft:killed":{"cataclysm:deepling_angler":1,"minecraft:cave_spider":1,"minecraft:spider":1,"minecraft:creeper":1,"minecraft:zombie":2,"iceandfire:ghost":2,"cataclysm:lionfish":1,"iceandfire:pixie":1,"mca:female_villager":1,"minecraft:cow":7},"minecraft:used":{"minecraft:water_bucket":81,"quark:birch_chest":1,"minecraft:stone_pickaxe":24,"ars_nouveau:mendosteen_pod":10,"minecraft:wooden_pickaxe":17,"minecraft:birch_boat":2,"minecraft:iron_sword":48,"toughasnails:water_canteen":79,"minecraft:crafting_table":1,"toughasnails:empty_canteen":8,"minecraft:firework_rocket":9,"realisticforging:big_stone":1,"minecraft:bread":18,"minecraft:cyan_bed":8,"minecraft:iron_pickaxe":12,"minecraft:stone_axe":61,"minecraft:furnace":1,"minecraft:oak_sapling":1,"minecraft:bucket":82,"tombstone:gift":2,"minecraft:cooked_beef":7,"natprog:flint_hatchet":35},"minecraft:mined":{"natprog:stone_pebble":1,"minecraft:crafting_table":1,"minecraft:grass_block":1,"regions_unexplored:pine_shrub":1,"natprog:granite_pebble":8,"minecraft:tall_grass":2,"minecraft:spruce_leaves":2,"minecraft:cyan_bed":9,"realisticforging:big_stone":1,"natprog:andesite_pebble":3,"minecraft:hay_block":1,"minecraft:carrots":2,"minecraft:furnace":1,"ars_nouveau:mendosteen_pod":3,"natprog:twigs":7,"minecraft:iron_ore":11,"minecraft:fire":1,"minecraft:birch_leaves":15,"treechop:chopped_log":8,"minecraft:grass":5,"minecraft:coal_ore":21,"iceandfire:gold_pile":2,"minecraft:vine":1,"minecraft:stone":17,"natprog:deepslate_pebble":1,"minecraft:chipped_anvil":1,"natprog:diorite_pebble":3,"minecraft:oak_leaves":6},"minecraft:crafted":{"minecraft:cooked_beef":16,"realisticforging:smithing_wood_hammer":1,"minecraft:oak_planks":11,"quark:birch_chest":1,"minecraft:crafting_table":1,"minecraft:wooden_pickaxe":1,"minecraft:birch_boat":1,"minecraft:iron_sword":1,"minecraft:furnace":1,"minecraft:bucket":1,"minecraft:birch_planks":29,"minecraft:stone_axe":1,"minecraft:bread":3,"minecraft:air":0,"realisticforging:hotrawironore":7,"minecraft:shield":1,"realisticforging:two_sticks":7,"minecraft:stick":20,"minecraft:stone_pickaxe":1,"minecraft:stone_sword":1,"natprog:flint_hatchet":3,"toughasnails:empty_canteen":2,"minecraft:wheat":9},"minecraft:custom":{"minecraft:interact_with_furnace":29,"lootr:looted_stat":27,"minecraft:mob_kills":18,"minecraft:interact_with_crafting_table":13,"minecraft:leave_game":3,"minecraft:time_since_death":58690,"minecraft:sleep_in_bed":7,"minecraft:climb_one_cm":98,"minecraft:time_since_rest":5506,"minecraft:waystone_activated":2,"minecraft:sprint_one_cm":540256,"minecraft:damage_taken":1674,"minecraft:walk_one_cm":269150,"minecraft:trigger_trapped_chest":2,"minecraft:drop":22,"minecraft:damage_dealt":2708,"minecraft:damage_dealt_absorbed":26,"minecraft:swim_one_cm":52876,"minecraft:fly_one_cm":788742,"minecraft:player_kills":1,"minecraft:open_chest":12,"minecraft:play_time":88592,"minecraft:crouch_one_cm":2926,"tombstone:undead_killed":4,"minecraft:deaths":3,"minecraft:sneak_time":1229,"minecraft:walk_under_water_one_cm":63023,"minecraft:boat_one_cm":37995,"tombstone:villager_killed":1,"minecraft:jump":2034,"minecraft:walk_on_water_one_cm":17154,"minecraft:fall_one_cm":49576,"minecraft:total_world_time":88592,"minecraft:inspect_dispenser":1,"minecraft:horse_one_cm":502329},"minecraft:picked_up":{"minecraft:stripped_oak_log":11,"minecraft:birch_log":7,"minecraft:crafting_table":1,"minecraft:wheat":4,"realisticforging:two_sticks":1,"minecraft:leather":8,"minecraft:lead":1,"quark:hollow_oak_log":3,"minecraft:gunpowder":2,"minecraft:stripped_birch_log":29,"minecraft:string":1,"minecraft:dirt":1,"minecraft:moss_carpet":1,"minecraft:bone":1,"minecraft:chipped_anvil":1,"natprog:stone_pebble":2,"minecraft:beetroot":2,"minecraft:wheat_seeds":13,"minecraft:gold_nugget":132,"minecraft:beef":16,"minecraft:stone_pickaxe":1,"ars_nouveau:mendosteen_pod":9,"minecraft:birch_sapling":11,"minecraft:furnace":1,"natprog:granite_pebble":8,"minecraft:stick":13,"regions_unexplored:silver_birch_leaf_pile":3,"minecraft:birch_boat":2,"natprog:diorite_pebble":4,"natprog:andesite_pebble":4,"realisticforging:hotrawironore":1,"tombstone:grave_dust":1,"minecraft:carrot":26,"minecraft:cyan_bed":9,"natprog:deepslate_pebble":1,"minecraft:spider_eye":1,"cataclysm:lionfish":1,"minecraft:stone_sword":1,"minecraft:beetroot_seeds":6,"waystones:waystone":1,"minecraft:hay_block":1,"minecraft:red_tulip":1,"realisticforging:raw_iron_ore":28,"minecraft:saddle":1,"minecraft:bread":1,"minecraft:oak_sapling":1,"realisticforging:big_stone":2,"minecraft:coal":34,"realisticforging:smithing_wood_hammer":1,"minecraft:cobblestone":17}},"DataVersion":3465}