{"stats":{"minecraft:dropped":{"minecraft:wheat_seeds":11,"cataclysm:lionfish":2,"minecraft:lead":1,"realisticforging:two_sticks":1,"tombstone:grave_dust":1,"minecraft:gold_nugget":130,"realisticforging:hotrawironore":1,"minecraft:stone_sword":1,"minecraft:wheat":2,"minecraft:beetroot":2,"natprog:stone_pebble":1,"minecraft:beetroot_seeds":6,"minecraft:spider_eye":1,"minecraft:stone_pickaxe":2,"minecraft:red_tulip":1},"minecraft:broken":{"toughasnails:water_canteen":8,"minecraft:stone_axe":1},"minecraft:killed":{"minecraft:cave_spider":1,"minecraft:spider":1,"cataclysm:lionfish":1,"cataclysm:deepling_angler":1,"minecraft:creeper":1,"minecraft:zombie":2,"iceandfire:ghost":2,"iceandfire:pixie":1,"mca:female_villager":1,"minecraft:cow":7},"minecraft:used":{"quark:birch_chest":2,"minecraft:iron_sword":48,"toughasnails:empty_canteen":10,"minecraft:chipped_anvil":1,"minecraft:iron_axe":15,"minecraft:oak_sapling":1,"minecraft:furnace":1,"tombstone:gift":2,"minecraft:cooked_beef":10,"natprog:flint_hatchet":35,"minecraft:water_bucket":83,"regions_unexplored:silver_birch_log":7,"minecraft:stone_pickaxe":24,"ars_nouveau:mendosteen_pod":10,"minecraft:birch_boat":2,"minecraft:wooden_pickaxe":17,"toughasnails:water_canteen":90,"minecraft:crafting_table":4,"minecraft:firework_rocket":9,"realisticforging:big_stone":1,"minecraft:cyan_bed":9,"minecraft:bread":18,"minecraft:iron_pickaxe":12,"minecraft:stone_axe":96,"minecraft:bucket":84,"minecraft:birch_log":7},"minecraft:mined":{"minecraft:stripped_birch_log":14,"minecraft:grass_block":1,"regions_unexplored:pine_shrub":1,"natprog:granite_pebble":8,"minecraft:spruce_leaves":2,"realisticforging:big_stone":1,"natprog:andesite_pebble":3,"minecraft:hay_block":1,"minecraft:furnace":1,"minecraft:carrots":2,"ars_nouveau:mendosteen_pod":3,"minecraft:iron_ore":11,"minecraft:fire":1,"treechop:chopped_log":9,"minecraft:bookshelf":12,"iceandfire:gold_pile":2,"minecraft:vine":1,"regions_unexplored:medium_grass":1,"minecraft:stone":17,"natprog:deepslate_pebble":1,"natprog:stone_pebble":1,"minecraft:crafting_table":3,"minecraft:tall_grass":2,"minecraft:cyan_bed":9,"natprog:twigs":8,"minecraft:birch_leaves":15,"minecraft:grass":5,"minecraft:coal_ore":21,"minecraft:chipped_anvil":1,"natprog:diorite_pebble":3,"minecraft:oak_leaves":6},"minecraft:crafted":{"realisticforging:smithing_wood_hammer":1,"minecraft:oak_planks":11,"quark:birch_chest":2,"minecraft:birch_boat":1,"minecraft:furnace":1,"minecraft:iron_axe":1,"realisticforging:two_sticks":7,"minecraft:stone_pickaxe":1,"natprog:flint_hatchet":3,"minecraft:wheat":9,"minecraft:cooked_beef":16,"minecraft:crafting_table":1,"minecraft:wooden_pickaxe":1,"minecraft:iron_sword":1,"minecraft:bucket":1,"minecraft:birch_planks":37,"minecraft:stone_axe":1,"minecraft:bread":3,"minecraft:air":0,"realisticforging:hotrawironore":7,"minecraft:shield":1,"minecraft:stick":20,"minecraft:stone_sword":1,"toughasnails:empty_canteen":2},"minecraft:custom":{"lootr:looted_stat":35,"minecraft:mob_kills":18,"minecraft:interact_with_crafting_table":16,"minecraft:leave_game":3,"minecraft:time_since_death":70690,"minecraft:climb_one_cm":536,"minecraft:sprint_one_cm":622101,"minecraft:walk_one_cm":304583,"minecraft:drop":22,"minecraft:damage_dealt_absorbed":26,"minecraft:play_time":100592,"minecraft:deaths":3,"minecraft:sneak_time":1385,"minecraft:walk_under_water_one_cm":63023,"minecraft:boat_one_cm":37995,"minecraft:jump":2132,"minecraft:walk_on_water_one_cm":17191,"minecraft:total_world_time":100592,"minecraft:interact_with_furnace":29,"minecraft:sleep_in_bed":8,"minecraft:time_since_rest":4809,"minecraft:waystone_activated":2,"minecraft:damage_taken":1744,"minecraft:trigger_trapped_chest":2,"minecraft:damage_dealt":2708,"minecraft:swim_one_cm":52876,"minecraft:fly_one_cm":826431,"minecraft:player_kills":1,"minecraft:open_chest":17,"minecraft:crouch_one_cm":2963,"tombstone:undead_killed":4,"tombstone:villager_killed":1,"minecraft:fall_one_cm":53024,"minecraft:inspect_dispenser":1,"minecraft:horse_one_cm":502329},"minecraft:picked_up":{"minecraft:crafting_table":3,"minecraft:wheat":4,"minecraft:lead":1,"quark:hollow_oak_log":3,"minecraft:string":1,"minecraft:moss_carpet":1,"natprog:stone_pebble":2,"minecraft:beetroot":2,"minecraft:gold_nugget":132,"minecraft:beef":16,"ars_nouveau:mendosteen_pod":9,"minecraft:birch_sapling":11,"minecraft:furnace":1,"minecraft:stick":15,"regions_unexplored:silver_birch_leaf_pile":3,"natprog:diorite_pebble":4,"tombstone:grave_dust":1,"minecraft:carrot":26,"minecraft:stone_sword":1,"minecraft:beetroot_seeds":6,"minecraft:hay_block":1,"minecraft:red_tulip":1,"realisticforging:raw_iron_ore":28,"minecraft:saddle":1,"minecraft:cobblestone":17,"minecraft:birch_log":7,"minecraft:stripped_oak_log":11,"realisticforging:two_sticks":1,"minecraft:leather":8,"minecraft:gunpowder":2,"minecraft:dirt":1,"minecraft:stripped_birch_log":43,"minecraft:bone":1,"minecraft:chipped_anvil":1,"minecraft:wheat_seeds":13,"minecraft:stone_pickaxe":1,"minecraft:book":36,"regions_unexplored:silver_birch_sapling":1,"natprog:granite_pebble":8,"minecraft:birch_boat":2,"realisticforging:hotrawironore":1,"natprog:andesite_pebble":4,"minecraft:cyan_bed":9,"minecraft:spider_eye":1,"natprog:deepslate_pebble":1,"cataclysm:lionfish":1,"waystones:waystone":1,"regions_unexplored:silver_birch_log":7,"minecraft:bread":1,"realisticforging:smithing_wood_hammer":1,"minecraft:oak_sapling":1,"minecraft:coal":34,"realisticforging:big_stone":2}},"DataVersion":3465}