{"stats":{"minecraft:killed":{"minecraft:cave_spider":1,"minecraft:spider":1,"cataclysm:lionfish":1,"cataclysm:deepling_angler":1,"minecraft:pig":2,"minecraft:creeper":1,"minecraft:zombie":2,"iceandfire:ghost":2,"iceandfire:pixie":1,"mca:female_villager":1,"minecraft:cow":7},"minecraft:dropped":{"minecraft:wheat_seeds":11,"cataclysm:lionfish":2,"minecraft:lead":1,"realisticforging:two_sticks":1,"tombstone:grave_dust":1,"minecraft:gold_nugget":130,"realisticforging:hotrawironore":1,"minecraft:stone_sword":1,"minecraft:wheat":2,"minecraft:beetroot":2,"natprog:stone_pebble":1,"minecraft:beetroot_seeds":6,"minecraft:spider_eye":1,"minecraft:stone_pickaxe":2,"minecraft:red_tulip":1},"minecraft:picked_up":{"minecraft:crafting_table":3,"minecraft:wheat":9,"minecraft:lead":1,"quark:hollow_oak_log":3,"ars_nouveau:blue_archwood_sapling":8,"minecraft:cornflower":1,"minecraft:string":1,"minecraft:moss_carpet":1,"natprog:stone_pebble":2,"minecraft:beetroot":2,"minecraft:gold_nugget":132,"minecraft:beef":16,"ars_nouveau:mendosteen_pod":9,"minecraft:birch_sapling":11,"minecraft:furnace":1,"minecraft:stick":20,"regions_unexplored:silver_birch_leaf_pile":3,"natprog:diorite_pebble":4,"ars_nouveau:blue_archwood_log":72,"minecraft:porkchop":3,"tombstone:grave_dust":1,"minecraft:carrot":26,"minecraft:stone_sword":1,"minecraft:beetroot_seeds":6,"minecraft:hay_block":1,"minecraft:red_tulip":1,"realisticforging:raw_iron_ore":28,"minecraft:saddle":1,"minecraft:cobblestone":17,"minecraft:birch_log":7,"minecraft:stripped_oak_log":11,"realisticforging:two_sticks":1,"minecraft:leather":8,"minecraft:potato":11,"regions_unexplored:red_maple_sapling":1,"minecraft:gunpowder":2,"minecraft:dirt":1,"minecraft:stripped_birch_log":51,"minecraft:bone":2,"minecraft:chipped_anvil":1,"minecraft:wheat_seeds":22,"minecraft:stone_pickaxe":1,"regions_unexplored:silver_birch_sapling":4,"minecraft:book":36,"natprog:granite_pebble":8,"minecraft:birch_boat":2,"iceandfire:podium_spruce":2,"realisticforging:hotrawironore":1,"natprog:andesite_pebble":4,"minecraft:cyan_bed":9,"natprog:deepslate_pebble":1,"minecraft:spider_eye":1,"cataclysm:lionfish":1,"realisticforging:carvedemeraldblock":4,"iceandfire:lectern":1,"waystones:waystone":1,"regions_unexplored:silver_birch_log":7,"minecraft:bread":1,"minecraft:coal":34,"minecraft:oak_sapling":1,"realisticforging:big_stone":2,"realisticforging:smithing_wood_hammer":1},"minecraft:broken":{"toughasnails:water_canteen":13,"minecraft:stone_axe":1},"minecraft:crafted":{"realisticforging:smithing_wood_hammer":1,"minecraft:oak_planks":11,"quark:birch_chest":3,"ars_nouveau:archwood_planks":256,"minecraft:birch_boat":1,"minecraft:furnace":1,"minecraft:iron_axe":1,"realisticforging:two_sticks":7,"minecraft:stone_pickaxe":1,"natprog:flint_hatchet":3,"minecraft:wheat":9,"minecraft:cooked_beef":16,"minecraft:crafting_table":1,"minecraft:wooden_pickaxe":1,"minecraft:iron_sword":1,"minecraft:bucket":1,"minecraft:birch_planks":51,"minecraft:stone_axe":1,"minecraft:bread":3,"minecraft:air":0,"realisticforging:hotrawironore":7,"minecraft:shield":1,"minecraft:stick":20,"minecraft:stone_sword":1,"toughasnails:empty_canteen":2},"minecraft:mined":{"minecraft:stripped_birch_log":14,"minecraft:grass_block":1,"regions_unexplored:pine_shrub":1,"iceandfire:lectern":1,"natprog:granite_pebble":8,"minecraft:spruce_leaves":2,"realisticforging:big_stone":1,"natprog:andesite_pebble":3,"minecraft:hay_block":1,"minecraft:furnace":1,"minecraft:carrots":2,"ars_nouveau:mendosteen_pod":3,"minecraft:iron_ore":11,"minecraft:fire":3,"treechop:chopped_log":11,"regions_unexplored:silver_birch_leaves":1,"minecraft:potatoes":3,"minecraft:bookshelf":12,"iceandfire:gold_pile":2,"minecraft:vine":1,"regions_unexplored:medium_grass":1,"iceandfire:podium_spruce":2,"minecraft:stone":17,"natprog:deepslate_pebble":1,"natprog:stone_pebble":1,"minecraft:crafting_table":3,"minecraft:emerald_ore":4,"minecraft:tall_grass":8,"minecraft:cyan_bed":9,"ars_nouveau:blue_archwood_log":4,"natprog:twigs":8,"minecraft:wheat":5,"minecraft:birch_leaves":15,"minecraft:grass":13,"minecraft:coal_ore":21,"minecraft:chipped_anvil":1,"natprog:diorite_pebble":3,"minecraft:oak_leaves":6},"minecraft:custom":{"minecraft:interact_with_smithing_table":1,"lootr:looted_stat":65,"minecraft:mob_kills":20,"minecraft:interact_with_crafting_table":18,"minecraft:leave_game":6,"minecraft:time_since_death":18271,"minecraft:climb_one_cm":1043,"minecraft:sprint_one_cm":1023616,"minecraft:walk_one_cm":417275,"minecraft:drop":22,"minecraft:damage_dealt_absorbed":26,"minecraft:talked_to_villager":1,"minecraft:play_time":139956,"minecraft:deaths":4,"minecraft:sneak_time":2102,"minecraft:walk_under_water_one_cm":64165,"minecraft:boat_one_cm":37995,"minecraft:jump":2881,"minecraft:walk_on_water_one_cm":21099,"minecraft:total_world_time":139956,"minecraft:interact_with_furnace":29,"minecraft:sleep_in_bed":10,"minecraft:time_since_rest":17545,"minecraft:waystone_activated":3,"minecraft:damage_taken":2394,"minecraft:trigger_trapped_chest":2,"minecraft:damage_dealt":2924,"minecraft:swim_one_cm":52876,"minecraft:fly_one_cm":1095708,"minecraft:player_kills":1,"minecraft:open_chest":24,"minecraft:crouch_one_cm":7021,"tombstone:undead_killed":4,"tombstone:villager_killed":1,"minecraft:fall_one_cm":75307,"minecraft:inspect_dispenser":1,"minecraft:horse_one_cm":502329},"minecraft:used":{"iceandfire:lectern":1,"quark:birch_chest":3,"minecraft:iron_sword":53,"toughasnails:empty_canteen":15,"minecraft:chipped_anvil":1,"minecraft:iron_axe":63,"minecraft:oak_sapling":1,"minecraft:furnace":1,"tombstone:gift":3,"minecraft:cooked_beef":16,"natprog:flint_hatchet":35,"minecraft:water_bucket":93,"regions_unexplored:silver_birch_log":7,"minecraft:stone_pickaxe":24,"ars_nouveau:mendosteen_pod":10,"minecraft:wooden_pickaxe":17,"minecraft:birch_boat":2,"toughasnails:water_canteen":120,"iceandfire:podium_spruce":1,"minecraft:crafting_table":4,"ars_nouveau:archwood_planks":183,"minecraft:firework_rocket":9,"realisticforging:big_stone":1,"minecraft:bread":26,"minecraft:cyan_bed":9,"minecraft:iron_pickaxe":16,"minecraft:stone_axe":96,"minecraft:birch_log":7,"minecraft:bucket":94}},"DataVersion":3465}