{
  "iceandfire:iceandfire/root": {
    "criteria": {
      "tick": "2024-07-02 13:25:03 +0000"
    },
    "done": true
  },
  "ars_nouveau:root": {
    "criteria": {
      "ars_nouveau:worn_notebook": "2024-07-02 13:25:03 +0000"
    },
    "done": true
  },
  "create:root": {
    "criteria": {
      "0": "2024-07-02 13:25:03 +0000"
    },
    "done": true
  },
  "ironfurnaces:coal": {
    "criteria": {
      "rainbowcoal": "2024-07-02 13:25:03 +0000"
    },
    "done": true
  },
  "mca:recipes/building_blocks/headstones": {
    "criteria": {
      "has_the_slanted_recipe": "2024-07-02 13:25:03 +0000"
    },
    "done": true
  },
  "lootr:root": {
    "criteria": {
      "always_true": "2024-07-02 13:25:03 +0000"
    },
    "done": true
  },
  "parcool:grant_parcool_guide": {
    "criteria": {
      "tick": "2024-07-02 13:25:03 +0000"
    },
    "done": true
  },
  "cataclysm:root": {
    "criteria": {
      "custom_test_name": "2024-07-02 13:25:03 +0000"
    },
    "done": true
  },
  "minecraft:adventure/adventuring_time": {
    "criteria": {
      "minecraft:snowy_slopes": "2024-07-02 14:45:20 +0000",
      "minecraft:deep_ocean": "2024-07-02 14:09:06 +0000",
      "minecraft:cherry_grove": "2024-07-02 14:45:32 +0000",
      "minecraft:sunflower_plains": "2024-07-02 14:43:47 +0000",
      "minecraft:beach": "2024-07-04 13:51:23 +0000",
      "minecraft:river": "2024-07-07 14:26:14 +0000",
      "minecraft:stony_shore": "2024-07-02 13:26:10 +0000",
      "minecraft:forest": "2024-07-02 13:25:06 +0000",
      "minecraft:ocean": "2024-07-02 13:44:53 +0000",
      "minecraft:plains": "2024-07-02 13:25:47 +0000"
    },
    "done": false
  },
  "tombstone:adventure/root": {
    "criteria": {
      "auto": "2024-07-02 13:25:06 +0000"
    },
    "done": true
  },
  "regions_unexplored:parent": {
    "criteria": {
      "load_in_world": "2024-07-02 13:25:06 +0000"
    },
    "done": true
  },
  "alexsmobs:alexsmobs/root": {
    "criteria": {
      "useitem": "2024-07-02 13:25:39 +0000"
    },
    "done": true
  },
  "minecraft:husbandry/root": {
    "criteria": {
      "consumed_item": "2024-07-02 13:25:39 +0000"
    },
    "done": true
  },
  "mca:recipes/misc/family_tree": {
    "criteria": {
      "has_item": "2024-07-02 13:25:44 +0000"
    },
    "done": true
  },
  "natprog:pebble_harvested": {
    "criteria": {
      "get_pebble": "2024-07-02 13:25:45 +0000"
    },
    "done": true
  },
  "natprog:knap_flint": {
    "criteria": {
      "get_flint": "2024-07-02 13:26:46 +0000"
    },
    "done": true
  },
  "natprog:craft_hatchet": {
    "criteria": {
      "get_hatchet": "2024-07-02 13:27:08 +0000"
    },
    "done": true
  },
  "natprog:craft_planks": {
    "criteria": {
      "get_planks": "2024-07-02 13:29:14 +0000"
    },
    "done": true
  },
  "natprog:craft_flint_saw": {
    "criteria": {
      "get_flint_saw": "2024-07-02 13:36:32 +0000"
    },
    "done": true
  },
  "tombstone:adventure/first_grave": {
    "criteria": {
      "coded_trigger": "2024-07-02 13:40:25 +0000"
    },
    "done": true
  },
  "tombstone:recipes/from_grave_key": {
    "criteria": {
      "has_ingredient": "2024-07-02 13:40:27 +0000"
    },
    "done": true
  },
  "tombstone:adventure/cancel_ghostly_shape": {
    "criteria": {
      "coded_trigger": "2024-07-02 13:40:35 +0000"
    },
    "done": true
  },
  "tombstone:recipes/from_grave_dust": {
    "criteria": {
      "has_ingredient": "2024-07-02 13:40:42 +0000"
    },
    "done": true
  },
  "realisticforging:getting_big_stone": {
    "criteria": {
      "getting_big_stone_0": "2024-07-02 13:41:32 +0000"
    },
    "done": true
  },
  "minecraft:adventure/root": {
    "criteria": {
      "killed_by_something": "2024-07-02 13:50:59 +0000"
    },
    "done": true
  },
  "artifacts:chest_slayer": {
    "criteria": {
      "kill_mimic": "2024-07-02 14:04:06 +0000"
    },
    "done": true
  },
  "artifacts:amateur_archaeologist": {
    "criteria": {
      "find_artifact": "2024-07-02 14:04:09 +0000"
    },
    "done": true
  },
  "lootr:social": {
    "criteria": {
      "opened_barrel": "2024-07-02 14:04:15 +0000",
      "opened_chest": "2024-07-02 14:12:24 +0000"
    },
    "done": false
  },
  "lootr:1barrel": {
    "criteria": {
      "opened_barrel": "2024-07-02 14:04:15 +0000"
    },
    "done": true
  },
  "realisticforging:the_iron_age": {
    "criteria": {
      "the_iron_age_0": "2024-07-02 14:05:47 +0000"
    },
    "done": true
  },
  "minecraft:husbandry/balanced_diet": {
    "criteria": {
      "porkchop": "2024-07-07 14:21:42 +0000",
      "apple": "2024-07-04 14:12:19 +0000",
      "cooked_cod": "2024-07-02 14:08:30 +0000",
      "mutton": "2024-07-07 14:21:53 +0000",
      "bread": "2024-07-02 14:39:22 +0000",
      "cod": "2024-07-03 09:53:42 +0000"
    },
    "done": false
  },
  "lootr:1chest": {
    "criteria": {
      "opened_chest": "2024-07-02 14:12:24 +0000"
    },
    "done": true
  },
  "mca:recipes/misc/comb": {
    "criteria": {
      "has_item": "2024-07-02 14:12:27 +0000"
    },
    "done": true
  },
  "minecraft:story/smelt_iron": {
    "criteria": {
      "iron": "2024-07-02 14:12:27 +0000"
    },
    "done": true
  },
  "mca:recipes/misc/needle_and_thread": {
    "criteria": {
      "has_item": "2024-07-02 14:12:27 +0000"
    },
    "done": true
  },
  "mca:recipes/misc/whistle": {
    "criteria": {
      "has_item": "2024-07-02 14:12:27 +0000"
    },
    "done": true
  },
  "minecraft:story/obtain_armor": {
    "criteria": {
      "iron_boots": "2024-07-02 14:12:28 +0000"
    },
    "done": true
  },
  "minecraft:story/mine_diamond": {
    "criteria": {
      "diamond": "2024-07-02 14:14:16 +0000"
    },
    "done": true
  },
  "minecraft:story/form_obsidian": {
    "criteria": {
      "obsidian": "2024-07-02 14:16:27 +0000"
    },
    "done": true
  },
  "minecraft:story/iron_tools": {
    "criteria": {
      "iron_pickaxe": "2024-07-02 14:16:30 +0000"
    },
    "done": true
  },
  "lootr:10loot": {
    "criteria": {
      "loot_stat": "2024-07-02 14:18:01 +0000"
    },
    "done": true
  },
  "alexsmobs:alexsmobs/seagull_steal": {
    "criteria": {
      "ex": "2024-07-02 14:19:30 +0000"
    },
    "done": true
  },
  "mca:recipes/misc/potions": {
    "criteria": {
      "has_item": "2024-07-02 14:26:31 +0000"
    },
    "done": true
  },
  "minecraft:adventure/sleep_in_bed": {
    "criteria": {
      "slept_in_bed": "2024-07-02 14:26:55 +0000"
    },
    "done": true
  },
  "alexscaves:alexscaves/cave_tablet": {
    "criteria": {
      "cave_tablet": "2024-07-02 14:31:00 +0000"
    },
    "done": true
  },
  "tombstone:adventure/find_grave_dust": {
    "criteria": {
      "from_undead": "2024-07-02 14:44:49 +0000"
    },
    "done": true
  },
  "minecraft:adventure/kill_all_mobs": {
    "criteria": {
      "minecraft:pillager": "2024-07-04 13:54:51 +0000",
      "minecraft:skeleton": "2024-07-07 14:10:17 +0000",
      "minecraft:spider": "2024-07-04 13:19:48 +0000",
      "minecraft:creeper": "2024-07-04 13:01:38 +0000",
      "minecraft:zombie": "2024-07-02 14:44:49 +0000"
    },
    "done": false
  },
  "minecraft:adventure/kill_a_mob": {
    "criteria": {
      "minecraft:zombie": "2024-07-02 14:44:49 +0000"
    },
    "done": true
  },
  "tombstone:adventure/first_knowledge": {
    "criteria": {
      "coded_trigger": "2024-07-02 14:44:49 +0000"
    },
    "done": true
  },
  "natprog:craft_crafting_table": {
    "criteria": {
      "get_ct": "2024-07-02 14:47:37 +0000"
    },
    "done": true
  },
  "minecraft:story/root": {
    "criteria": {
      "crafting_table": "2024-07-02 14:47:37 +0000"
    },
    "done": true
  },
  "regions_unexplored:regions_explored": {
    "criteria": {
      "shrubland": "2024-07-04 14:06:20 +0000",
      "muddy_river": "2024-07-07 14:26:28 +0000",
      "grassy_beach": "2024-07-04 13:54:23 +0000",
      "ochard": "2024-07-07 13:45:40 +0000",
      "highland_fields": "2024-07-04 14:07:14 +0000",
      "maple_forest": "2024-07-07 14:26:41 +0000",
      "magnolia_highlands": "2024-07-04 13:54:12 +0000",
      "temperate_grove": "2024-07-04 13:54:40 +0000"
    },
    "done": false
  },
  "regions_unexplored:pioneer": {
    "criteria": {
      "shrubland": "2024-07-04 14:06:20 +0000",
      "muddy_river": "2024-07-07 14:26:28 +0000",
      "grassy_beach": "2024-07-04 13:54:23 +0000",
      "ochard": "2024-07-07 13:45:40 +0000",
      "highland_fields": "2024-07-04 14:07:14 +0000",
      "maple_forest": "2024-07-07 14:26:41 +0000",
      "magnolia_highlands": "2024-07-04 13:54:12 +0000",
      "temperate_grove": "2024-07-04 13:54:40 +0000"
    },
    "done": false
  },
  "tombstone:adventure/ambush": {
    "criteria": {
      "coded_trigger": "2024-07-04 13:54:51 +0000"
    },
    "done": true
  },
  "iceandfire:iceandfire/kill_ghost": {
    "criteria": {
      "killed_fire_dragon": "2024-07-04 13:57:51 +0000"
    },
    "done": true
  },
  "realisticforging:cleaning_raw_iron_ore_advancement": {
    "criteria": {
      "cleaning_raw_iron_ore_advancement_0": "2024-07-06 13:24:32 +0000"
    },
    "done": true
  },
  "realisticforging:hot_iron_burn": {
    "criteria": {
      "hot_iron_burn_0": "2024-07-06 13:26:29 +0000"
    },
    "done": true
  },
  "realisticforging:two_sticks_advancements": {
    "criteria": {
      "two_sticks_advancements_0": "2024-07-06 13:33:26 +0000"
    },
    "done": true
  },
  "realisticforging:smithing_hammer_achievement": {
    "criteria": {
      "smithing_hammer_achievement_0": "2024-07-06 13:35:11 +0000"
    },
    "done": true
  },
  "realisticforging:brush_cleaning_raw_iron_ore": {
    "criteria": {
      "brush_cleaning_raw_iron_ore_0": "2024-07-07 14:05:41 +0000"
    },
    "done": true
  },
  "minecraft:adventure/voluntary_exile": {
    "criteria": {
      "voluntary_exile": "2024-07-07 13:48:10 +0000"
    },
    "done": true
  },
  "mca:recipes/misc/bouquet": {
    "criteria": {
      "has_item": "2024-07-07 13:38:53 +0000"
    },
    "done": true
  },
  "natprog:get_bone": {
    "criteria": {
      "get_bone": "2024-07-07 14:04:27 +0000"
    },
    "done": true
  },
  "minecraft:husbandry/plant_seed": {
    "criteria": {
      "wheat": "2024-07-07 14:00:59 +0000"
    },
    "done": true
  },
  "tombstone:adventure/chain_death": {
    "criteria": {
      "coded_trigger": "2024-07-07 13:47:38 +0000"
    },
    "done": true
  },
  "realisticforging:realistic_forging": {
    "criteria": {
      "realistic_forging_0": "2024-07-07 13:38:55 +0000"
    },
    "done": true
  },
  "realisticforging:crafting_blacksmith_tongs_advancement": {
    "criteria": {
      "crafting_blacksmith_tongs_advancement_0": "2024-07-07 13:57:03 +0000"
    },
    "done": true
  },
  "DataVersion": 3465
}