{
  "ars_nouveau:root": {
    "criteria": {
      "ars_nouveau:worn_notebook": "2024-06-30 01:23:24 +0000"
    },
    "done": true
  },
  "create:root": {
    "criteria": {
      "0": "2024-06-30 01:23:24 +0000"
    },
    "done": true
  },
  "ironfurnaces:coal": {
    "criteria": {
      "rainbowcoal": "2024-06-30 01:23:24 +0000"
    },
    "done": true
  },
  "mca:recipes/building_blocks/headstones": {
    "criteria": {
      "has_the_upright_recipe": "2024-06-30 01:23:24 +0000"
    },
    "done": true
  },
  "lootr:root": {
    "criteria": {
      "always_true": "2024-06-30 01:23:26 +0000"
    },
    "done": true
  },
  "parcool:grant_parcool_guide": {
    "criteria": {
      "tick": "2024-06-30 01:23:26 +0000"
    },
    "done": true
  },
  "cataclysm:root": {
    "criteria": {
      "custom_test_name": "2024-06-30 01:23:26 +0000"
    },
    "done": true
  },
  "minecraft:adventure/adventuring_time": {
    "criteria": {
      "minecraft:deep_ocean": "2024-07-02 13:44:47 +0000",
      "minecraft:beach": "2024-07-02 22:09:19 +0000",
      "minecraft:river": "2024-07-02 13:44:28 +0000",
      "minecraft:stony_shore": "2024-07-02 12:23:30 +0000",
      "minecraft:forest": "2024-06-30 01:24:49 +0000",
      "minecraft:ocean": "2024-07-02 13:44:31 +0000",
      "minecraft:flower_forest": "2024-07-03 14:51:27 +0000",
      "minecraft:savanna": "2024-07-02 16:25:18 +0000",
      "minecraft:plains": "2024-06-30 01:23:30 +0000"
    },
    "done": false
  },
  "tombstone:adventure/root": {
    "criteria": {
      "auto": "2024-06-30 01:23:30 +0000"
    },
    "done": true
  },
  "regions_unexplored:parent": {
    "criteria": {
      "load_in_world": "2024-06-30 01:23:30 +0000"
    },
    "done": true
  },
  "natprog:pebble_harvested": {
    "criteria": {
      "get_pebble": "2024-06-30 01:24:38 +0000"
    },
    "done": true
  },
  "minecraft:adventure/root": {
    "criteria": {
      "killed_something": "2024-06-30 01:25:10 +0000"
    },
    "done": true
  },
  "minecraft:husbandry/balanced_diet": {
    "criteria": {
      "cooked_mutton": "2024-07-02 13:43:59 +0000",
      "baked_potato": "2024-07-02 12:22:55 +0000",
      "apple": "2024-07-02 14:22:49 +0000",
      "bread": "2024-07-02 14:36:48 +0000",
      "carrot": "2024-07-02 14:23:41 +0000"
    },
    "done": false
  },
  "minecraft:husbandry/root": {
    "criteria": {
      "consumed_item": "2024-07-02 12:22:55 +0000"
    },
    "done": true
  },
  "iceandfire:iceandfire/root": {
    "criteria": {
      "tick": "2024-07-02 12:28:00 +0000"
    },
    "done": true
  },
  "alexsmobs:alexsmobs/seagull_steal": {
    "criteria": {
      "ex": "2024-07-02 12:28:52 +0000"
    },
    "done": true
  },
  "natprog:knap_flint": {
    "criteria": {
      "get_flint": "2024-07-02 13:22:14 +0000"
    },
    "done": true
  },
  "natprog:craft_hatchet": {
    "criteria": {
      "get_hatchet": "2024-07-02 13:22:29 +0000"
    },
    "done": true
  },
  "regions_unexplored:regions_explored": {
    "criteria": {
      "shrubland": "2024-07-02 13:22:56 +0000",
      "ochard": "2024-07-03 14:51:35 +0000",
      "deciduous_forest": "2024-07-02 21:23:00 +0000",
      "pine_slopes": "2024-07-02 14:51:04 +0000",
      "prairie": "2024-07-02 16:21:18 +0000",
      "grassland": "2024-07-02 21:22:10 +0000"
    },
    "done": false
  },
  "regions_unexplored:pioneer": {
    "criteria": {
      "shrubland": "2024-07-02 13:22:56 +0000",
      "ochard": "2024-07-03 14:51:35 +0000",
      "deciduous_forest": "2024-07-02 21:23:00 +0000",
      "pine_slopes": "2024-07-02 14:51:04 +0000",
      "prairie": "2024-07-02 16:21:18 +0000",
      "grassland": "2024-07-02 21:22:10 +0000"
    },
    "done": false
  },
  "mca:recipes/misc/potions": {
    "criteria": {
      "has_item": "2024-07-02 13:23:21 +0000"
    },
    "done": true
  },
  "mca:recipes/misc/family_tree": {
    "criteria": {
      "has_item": "2024-07-02 13:23:47 +0000"
    },
    "done": true
  },
  "natprog:get_bone": {
    "criteria": {
      "get_bone": "2024-07-02 13:24:41 +0000"
    },
    "done": true
  },
  "natprog:craft_planks": {
    "criteria": {
      "get_planks": "2024-07-02 13:24:54 +0000"
    },
    "done": true
  },
  "natprog:craft_crafting_table": {
    "criteria": {
      "get_ct": "2024-07-02 13:25:19 +0000"
    },
    "done": true
  },
  "minecraft:story/root": {
    "criteria": {
      "crafting_table": "2024-07-02 13:25:19 +0000"
    },
    "done": true
  },
  "tombstone:adventure/first_grave": {
    "criteria": {
      "coded_trigger": "2024-07-02 13:28:58 +0000"
    },
    "done": true
  },
  "tombstone:recipes/from_grave_key": {
    "criteria": {
      "has_ingredient": "2024-07-02 13:28:59 +0000"
    },
    "done": true
  },
  "minecraft:adventure/sleep_in_bed": {
    "criteria": {
      "slept_in_bed": "2024-07-02 13:41:35 +0000"
    },
    "done": true
  },
  "lootr:social": {
    "criteria": {
      "opened_barrel": "2024-07-02 14:04:49 +0000",
      "opened_chest": "2024-07-02 14:23:27 +0000",
      "opened_cart": "2024-07-02 13:50:16 +0000"
    },
    "done": false
  },
  "lootr:1cart": {
    "criteria": {
      "opened_cart": "2024-07-02 13:50:16 +0000"
    },
    "done": true
  },
  "mca:recipes/misc/comb": {
    "criteria": {
      "has_item": "2024-07-02 13:50:18 +0000"
    },
    "done": true
  },
  "endrem:main/root": {
    "criteria": {
      "lost_eye": "2024-07-02 13:50:18 +0000"
    },
    "done": true
  },
  "minecraft:story/smelt_iron": {
    "criteria": {
      "iron": "2024-07-02 13:50:18 +0000"
    },
    "done": true
  },
  "mca:recipes/misc/needle_and_thread": {
    "criteria": {
      "has_item": "2024-07-02 13:50:18 +0000"
    },
    "done": true
  },
  "mca:recipes/misc/whistle": {
    "criteria": {
      "has_item": "2024-07-02 13:50:18 +0000"
    },
    "done": true
  },
  "endrem:main/lost_eye": {
    "criteria": {
      "lost_eye": "2024-07-02 13:50:18 +0000"
    },
    "done": true
  },
  "realisticforging:the_iron_age": {
    "criteria": {
      "the_iron_age_0": "2024-07-02 13:57:53 +0000"
    },
    "done": true
  },
  "lootr:1barrel": {
    "criteria": {
      "opened_barrel": "2024-07-02 14:04:49 +0000"
    },
    "done": true
  },
  "tombstone:adventure/cancel_ghostly_shape": {
    "criteria": {
      "coded_trigger": "2024-07-02 14:05:39 +0000"
    },
    "done": true
  },
  "tombstone:recipes/from_grave_dust": {
    "criteria": {
      "has_ingredient": "2024-07-02 14:05:43 +0000"
    },
    "done": true
  },
  "minecraft:adventure/kill_all_mobs": {
    "criteria": {
      "minecraft:spider": "2024-07-02 14:12:05 +0000",
      "minecraft:creeper": "2024-07-02 14:12:45 +0000"
    },
    "done": false
  },
  "minecraft:adventure/kill_a_mob": {
    "criteria": {
      "minecraft:spider": "2024-07-02 14:12:05 +0000"
    },
    "done": true
  },
  "lootr:1chest": {
    "criteria": {
      "opened_chest": "2024-07-02 14:23:27 +0000"
    },
    "done": true
  },
  "minecraft:story/obtain_armor": {
    "criteria": {
      "iron_boots": "2024-07-02 14:23:29 +0000"
    },
    "done": true
  },
  "lootr:10loot": {
    "criteria": {
      "loot_stat": "2024-07-02 14:26:42 +0000"
    },
    "done": true
  },
  "minecraft:story/form_obsidian": {
    "criteria": {
      "obsidian": "2024-07-02 14:26:48 +0000"
    },
    "done": true
  },
  "realisticforging:getting_big_stone": {
    "criteria": {
      "getting_big_stone_0": "2024-07-02 14:50:25 +0000"
    },
    "done": true
  },
  "minecraft:story/iron_tools": {
    "criteria": {
      "iron_pickaxe": "2024-07-02 16:21:07 +0000"
    },
    "done": true
  },
  "mca:root": {
    "criteria": {
      "village_savanna": "2024-07-02 16:21:26 +0000"
    },
    "done": true
  },
  "mca:recipes/misc/books": {
    "criteria": {
      "has_item": "2024-07-02 16:23:34 +0000"
    },
    "done": true
  },
  "mca:recipes/misc/blueprint": {
    "criteria": {
      "has_item": "2024-07-02 16:23:34 +0000"
    },
    "done": true
  },
  "DataVersion": 3465
}