{
  "iceandfire:iceandfire/root": {
    "criteria": {
      "tick": "2024-07-02 23:02:43 +0200"
    },
    "done": true
  },
  "ars_nouveau:root": {
    "criteria": {
      "ars_nouveau:worn_notebook": "2024-07-02 23:02:42 +0200"
    },
    "done": true
  },
  "create:root": {
    "criteria": {
      "0": "2024-07-02 23:02:41 +0200"
    },
    "done": true
  },
  "ironfurnaces:coal": {
    "criteria": {
      "rainbowcoal": "2024-07-02 23:02:41 +0200"
    },
    "done": true
  },
  "mca:recipes/building_blocks/headstones": {
    "criteria": {
      "has_the_cross_recipe": "2024-07-02 23:02:42 +0200"
    },
    "done": true
  },
  "lootr:root": {
    "criteria": {
      "always_true": "2024-07-02 23:02:43 +0200"
    },
    "done": true
  },
  "minecraft:adventure/adventuring_time": {
    "criteria": {
      "minecraft:forest": "2024-07-02 23:02:45 +0200"
    },
    "done": false
  },
  "parcool:grant_parcool_guide": {
    "criteria": {
      "tick": "2024-07-02 23:02:43 +0200"
    },
    "done": true
  },
  "tombstone:adventure/root": {
    "criteria": {
      "auto": "2024-07-02 23:02:45 +0200"
    },
    "done": true
  },
  "cataclysm:root": {
    "criteria": {
      "custom_test_name": "2024-07-02 23:02:43 +0200"
    },
    "done": true
  },
  "regions_unexplored:parent": {
    "criteria": {
      "load_in_world": "2024-07-02 23:02:45 +0200"
    },
    "done": true
  },
  "DataVersion": 3465
}