{
  "iceandfire:iceandfire/root": {
    "criteria": {
      "tick": "2024-07-02 15:57:47 +0200"
    },
    "done": true
  },
  "ars_nouveau:root": {
    "criteria": {
      "ars_nouveau:worn_notebook": "2024-07-02 15:57:47 +0200"
    },
    "done": true
  },
  "create:root": {
    "criteria": {
      "0": "2024-07-02 15:57:47 +0200"
    },
    "done": true
  },
  "ironfurnaces:coal": {
    "criteria": {
      "rainbowcoal": "2024-07-02 15:57:47 +0200"
    },
    "done": true
  },
  "mca:recipes/building_blocks/headstones": {
    "criteria": {
      "has_the_slanted_recipe": "2024-07-02 15:57:47 +0200"
    },
    "done": true
  },
  "lootr:root": {
    "criteria": {
      "always_true": "2024-07-02 15:57:47 +0200"
    },
    "done": true
  },
  "parcool:grant_parcool_guide": {
    "criteria": {
      "tick": "2024-07-02 15:57:47 +0200"
    },
    "done": true
  },
  "cataclysm:root": {
    "criteria": {
      "custom_test_name": "2024-07-02 15:57:47 +0200"
    },
    "done": true
  },
  "minecraft:adventure/adventuring_time": {
    "criteria": {
      "minecraft:deep_ocean": "2024-07-02 16:32:07 +0200",
      "minecraft:sparse_jungle": "2024-07-02 17:10:36 +0200",
      "minecraft:stony_shore": "2024-07-02 16:01:50 +0200",
      "minecraft:forest": "2024-07-02 15:58:39 +0200",
      "minecraft:ocean": "2024-07-02 16:17:19 +0200",
      "minecraft:old_growth_birch_forest": "2024-07-02 17:04:46 +0200",
      "minecraft:plains": "2024-07-02 15:57:49 +0200"
    },
    "done": false
  },
  "tombstone:adventure/root": {
    "criteria": {
      "auto": "2024-07-02 15:57:49 +0200"
    },
    "done": true
  },
  "regions_unexplored:parent": {
    "criteria": {
      "load_in_world": "2024-07-02 15:57:49 +0200"
    },
    "done": true
  },
  "minecraft:adventure/sleep_in_bed": {
    "criteria": {
      "slept_in_bed": "2024-07-02 15:58:44 +0200"
    },
    "done": true
  },
  "natprog:pebble_harvested": {
    "criteria": {
      "get_pebble": "2024-07-02 16:04:47 +0200"
    },
    "done": true
  },
  "regions_unexplored:regions_explored": {
    "criteria": {
      "shrubland": "2024-07-02 16:08:19 +0200",
      "ochard": "2024-07-02 16:14:41 +0200",
      "mountains": "2024-07-02 16:08:39 +0200",
      "pine_slopes": "2024-07-02 16:07:46 +0200",
      "redwoods": "2024-07-02 17:10:38 +0200"
    },
    "done": false
  },
  "regions_unexplored:pioneer": {
    "criteria": {
      "shrubland": "2024-07-02 16:08:19 +0200",
      "ochard": "2024-07-02 16:14:41 +0200",
      "mountains": "2024-07-02 16:08:39 +0200",
      "pine_slopes": "2024-07-02 16:07:46 +0200",
      "redwoods": "2024-07-02 17:10:38 +0200"
    },
    "done": false
  },
  "minecraft:adventure/root": {
    "criteria": {
      "killed_something": "2024-07-02 16:09:04 +0200"
    },
    "done": true
  },
  "minecraft:husbandry/balanced_diet": {
    "criteria": {
      "chicken": "2024-07-02 16:09:41 +0200",
      "porkchop": "2024-07-02 16:12:30 +0200",
      "apple": "2024-07-02 16:35:56 +0200",
      "bread": "2024-07-02 16:39:09 +0200",
      "cooked_chicken": "2024-07-02 16:30:14 +0200"
    },
    "done": false
  },
  "minecraft:husbandry/root": {
    "criteria": {
      "consumed_item": "2024-07-02 16:09:41 +0200"
    },
    "done": true
  },
  "natprog:knap_flint": {
    "criteria": {
      "get_flint": "2024-07-02 16:10:18 +0200"
    },
    "done": true
  },
  "mca:recipes/misc/potions": {
    "criteria": {
      "has_item": "2024-07-02 16:15:13 +0200"
    },
    "done": true
  },
  "natprog:craft_hatchet": {
    "criteria": {
      "get_hatchet": "2024-07-02 16:15:59 +0200"
    },
    "done": true
  },
  "natprog:craft_planks": {
    "criteria": {
      "get_planks": "2024-07-02 16:19:32 +0200"
    },
    "done": true
  },
  "natprog:craft_crafting_table": {
    "criteria": {
      "get_ct": "2024-07-02 16:19:41 +0200"
    },
    "done": true
  },
  "minecraft:story/root": {
    "criteria": {
      "crafting_table": "2024-07-02 16:19:41 +0200"
    },
    "done": true
  },
  "realisticforging:the_iron_age": {
    "criteria": {
      "the_iron_age_0": "2024-07-02 16:25:35 +0200"
    },
    "done": true
  },
  "mca:recipes/misc/family_tree": {
    "criteria": {
      "has_item": "2024-07-02 16:31:12 +0200"
    },
    "done": true
  },
  "lootr:social": {
    "criteria": {
      "opened_barrel": "2024-07-02 16:37:58 +0200",
      "opened_chest": "2024-07-02 16:38:02 +0200"
    },
    "done": false
  },
  "lootr:1barrel": {
    "criteria": {
      "opened_barrel": "2024-07-02 16:37:58 +0200"
    },
    "done": true
  },
  "lootr:1chest": {
    "criteria": {
      "opened_chest": "2024-07-02 16:38:02 +0200"
    },
    "done": true
  },
  "minecraft:story/mine_diamond": {
    "criteria": {
      "diamond": "2024-07-02 16:38:03 +0200"
    },
    "done": true
  },
  "mca:recipes/misc/comb": {
    "criteria": {
      "has_item": "2024-07-02 16:38:07 +0200"
    },
    "done": true
  },
  "minecraft:story/smelt_iron": {
    "criteria": {
      "iron": "2024-07-02 16:38:07 +0200"
    },
    "done": true
  },
  "mca:recipes/misc/needle_and_thread": {
    "criteria": {
      "has_item": "2024-07-02 16:38:07 +0200"
    },
    "done": true
  },
  "mca:recipes/misc/whistle": {
    "criteria": {
      "has_item": "2024-07-02 16:38:07 +0200"
    },
    "done": true
  },
  "minecraft:story/form_obsidian": {
    "criteria": {
      "obsidian": "2024-07-02 16:38:39 +0200"
    },
    "done": true
  },
  "minecraft:story/obtain_armor": {
    "criteria": {
      "iron_leggings": "2024-07-02 16:39:54 +0200"
    },
    "done": true
  },
  "lootr:10loot": {
    "criteria": {
      "loot_stat": "2024-07-02 16:43:31 +0200"
    },
    "done": true
  },
  "minecraft:story/iron_tools": {
    "criteria": {
      "iron_pickaxe": "2024-07-02 16:44:30 +0200"
    },
    "done": true
  },
  "alexsmobs:alexsmobs/seagull_steal": {
    "criteria": {
      "ex": "2024-07-02 17:00:59 +0200"
    },
    "done": true
  },
  "realisticforging:getting_big_stone": {
    "criteria": {
      "getting_big_stone_0": "2024-07-02 17:04:36 +0200"
    },
    "done": true
  },
  "tombstone:recipes/from_grave_key": {
    "criteria": {
      "has_ingredient": "2024-07-02 17:16:49 +0200"
    },
    "done": true
  },
  "tombstone:adventure/first_grave": {
    "criteria": {
      "coded_trigger": "2024-07-02 17:16:21 +0200"
    },
    "done": true
  },
  "DataVersion": 3465
}