{
  "ars_nouveau:root": {
    "criteria": {
      "ars_nouveau:worn_notebook": "2024-07-02 16:46:30 +0200"
    },
    "done": true
  },
  "create:root": {
    "criteria": {
      "0": "2024-07-02 16:46:30 +0200"
    },
    "done": true
  },
  "ironfurnaces:coal": {
    "criteria": {
      "rainbowcoal": "2024-07-02 16:46:30 +0200"
    },
    "done": true
  },
  "iceandfire:iceandfire/root": {
    "criteria": {
      "tick": "2024-07-02 16:46:31 +0200"
    },
    "done": true
  },
  "mca:recipes/building_blocks/headstones": {
    "criteria": {
      "has_the_slanted_recipe": "2024-07-02 16:46:31 +0200"
    },
    "done": true
  },
  "lootr:root": {
    "criteria": {
      "always_true": "2024-07-02 16:46:31 +0200"
    },
    "done": true
  },
  "parcool:grant_parcool_guide": {
    "criteria": {
      "tick": "2024-07-02 16:46:31 +0200"
    },
    "done": true
  },
  "cataclysm:root": {
    "criteria": {
      "custom_test_name": "2024-07-02 16:46:31 +0200"
    },
    "done": true
  },
  "minecraft:adventure/adventuring_time": {
    "criteria": {
      "minecraft:deep_ocean": "2024-07-02 16:49:02 +0200",
      "minecraft:river": "2024-07-02 16:48:26 +0200",
      "minecraft:stony_shore": "2024-07-02 16:47:40 +0200",
      "minecraft:forest": "2024-07-02 16:47:34 +0200",
      "minecraft:ocean": "2024-07-02 16:48:33 +0200",
      "minecraft:old_growth_birch_forest": "2024-07-02 17:22:16 +0200",
      "minecraft:plains": "2024-07-02 16:46:39 +0200"
    },
    "done": false
  },
  "tombstone:adventure/root": {
    "criteria": {
      "auto": "2024-07-02 16:46:39 +0200"
    },
    "done": true
  },
  "regions_unexplored:parent": {
    "criteria": {
      "load_in_world": "2024-07-02 16:46:39 +0200"
    },
    "done": true
  },
  "alexsmobs:alexsmobs/root": {
    "criteria": {
      "useitem": "2024-07-02 16:47:24 +0200"
    },
    "done": true
  },
  "minecraft:husbandry/root": {
    "criteria": {
      "consumed_item": "2024-07-02 16:47:24 +0200"
    },
    "done": true
  },
  "minecraft:husbandry/balanced_diet": {
    "criteria": {
      "apple": "2024-07-02 17:21:16 +0200",
      "bread": "2024-07-02 17:05:17 +0200",
      "beetroot": "2024-07-02 17:04:28 +0200",
      "carrot": "2024-07-02 16:50:49 +0200"
    },
    "done": false
  },
  "tombstone:adventure/first_grave": {
    "criteria": {
      "coded_trigger": "2024-07-02 17:00:10 +0200"
    },
    "done": true
  },
  "tombstone:recipes/from_grave_key": {
    "criteria": {
      "has_ingredient": "2024-07-02 17:00:11 +0200"
    },
    "done": true
  },
  "lootr:social": {
    "criteria": {
      "opened_barrel": "2024-07-02 17:04:06 +0200",
      "opened_chest": "2024-07-02 17:04:11 +0200"
    },
    "done": false
  },
  "lootr:1barrel": {
    "criteria": {
      "opened_barrel": "2024-07-02 17:04:06 +0200"
    },
    "done": true
  },
  "lootr:1chest": {
    "criteria": {
      "opened_chest": "2024-07-02 17:04:11 +0200"
    },
    "done": true
  },
  "mca:recipes/misc/comb": {
    "criteria": {
      "has_item": "2024-07-02 17:04:16 +0200"
    },
    "done": true
  },
  "minecraft:story/smelt_iron": {
    "criteria": {
      "iron": "2024-07-02 17:04:16 +0200"
    },
    "done": true
  },
  "mca:recipes/misc/needle_and_thread": {
    "criteria": {
      "has_item": "2024-07-02 17:04:16 +0200"
    },
    "done": true
  },
  "mca:recipes/misc/whistle": {
    "criteria": {
      "has_item": "2024-07-02 17:04:16 +0200"
    },
    "done": true
  },
  "minecraft:story/obtain_armor": {
    "criteria": {
      "iron_boots": "2024-07-02 17:04:17 +0200"
    },
    "done": true
  },
  "natprog:knap_flint": {
    "criteria": {
      "get_flint": "2024-07-02 17:04:52 +0200"
    },
    "done": true
  },
  "mca:recipes/misc/potions": {
    "criteria": {
      "has_item": "2024-07-02 17:04:54 +0200"
    },
    "done": true
  },
  "minecraft:story/mine_diamond": {
    "criteria": {
      "diamond": "2024-07-02 17:05:31 +0200"
    },
    "done": true
  },
  "mca:recipes/misc/family_tree": {
    "criteria": {
      "has_item": "2024-07-02 17:05:34 +0200"
    },
    "done": true
  },
  "minecraft:story/form_obsidian": {
    "criteria": {
      "obsidian": "2024-07-02 17:05:38 +0200"
    },
    "done": true
  },
  "minecraft:story/iron_tools": {
    "criteria": {
      "iron_pickaxe": "2024-07-02 17:08:12 +0200"
    },
    "done": true
  },
  "minecraft:adventure/sleep_in_bed": {
    "criteria": {
      "slept_in_bed": "2024-07-02 17:09:34 +0200"
    },
    "done": true
  },
  "lootr:10loot": {
    "criteria": {
      "loot_stat": "2024-07-02 17:10:20 +0200"
    },
    "done": true
  },
  "minecraft:adventure/root": {
    "criteria": {
      "killed_something": "2024-07-02 17:15:27 +0200"
    },
    "done": true
  },
  "natprog:craft_planks": {
    "criteria": {
      "get_planks": "2024-07-02 17:19:13 +0200"
    },
    "done": true
  },
  "natprog:craft_crafting_table": {
    "criteria": {
      "get_ct": "2024-07-02 17:19:16 +0200"
    },
    "done": true
  },
  "natprog:craft_hatchet": {
    "criteria": {
      "get_hatchet": "2024-07-02 17:18:55 +0200"
    },
    "done": true
  },
  "alexsmobs:alexsmobs/seagull_steal": {
    "criteria": {
      "ex": "2024-07-02 17:18:03 +0200"
    },
    "done": true
  },
  "minecraft:story/root": {
    "criteria": {
      "crafting_table": "2024-07-02 17:19:16 +0200"
    },
    "done": true
  },
  "DataVersion": 3465
}