{
  "iceandfire:iceandfire/root": {
    "criteria": {
      "tick": "2024-07-02 16:49:52 +0200"
    },
    "done": true
  },
  "ars_nouveau:root": {
    "criteria": {
      "ars_nouveau:worn_notebook": "2024-07-02 16:49:52 +0200"
    },
    "done": true
  },
  "create:root": {
    "criteria": {
      "0": "2024-07-02 16:49:52 +0200"
    },
    "done": true
  },
  "ironfurnaces:coal": {
    "criteria": {
      "rainbowcoal": "2024-07-02 16:49:52 +0200"
    },
    "done": true
  },
  "mca:recipes/building_blocks/headstones": {
    "criteria": {
      "has_the_slanted_recipe": "2024-07-02 16:49:52 +0200"
    },
    "done": true
  },
  "lootr:root": {
    "criteria": {
      "always_true": "2024-07-02 16:49:52 +0200"
    },
    "done": true
  },
  "parcool:grant_parcool_guide": {
    "criteria": {
      "tick": "2024-07-02 16:49:52 +0200"
    },
    "done": true
  },
  "cataclysm:root": {
    "criteria": {
      "custom_test_name": "2024-07-02 16:49:52 +0200"
    },
    "done": true
  },
  "minecraft:adventure/adventuring_time": {
    "criteria": {
      "minecraft:snowy_slopes": "2024-07-03 11:43:50 +0200",
      "minecraft:deep_ocean": "2024-07-02 17:19:07 +0200",
      "minecraft:cherry_grove": "2024-07-03 12:38:48 +0200",
      "minecraft:beach": "2024-07-03 12:48:00 +0200",
      "minecraft:river": "2024-07-02 17:40:14 +0200",
      "minecraft:stony_shore": "2024-07-02 17:05:20 +0200",
      "minecraft:forest": "2024-07-02 16:50:25 +0200",
      "minecraft:ocean": "2024-07-02 17:16:25 +0200",
      "minecraft:savanna": "2024-07-02 17:50:18 +0200",
      "minecraft:plains": "2024-07-02 16:49:58 +0200"
    },
    "done": false
  },
  "tombstone:adventure/root": {
    "criteria": {
      "auto": "2024-07-02 16:49:58 +0200"
    },
    "done": true
  },
  "regions_unexplored:parent": {
    "criteria": {
      "load_in_world": "2024-07-02 16:49:58 +0200"
    },
    "done": true
  },
  "natprog:pebble_harvested": {
    "criteria": {
      "get_pebble": "2024-07-02 16:50:34 +0200"
    },
    "done": true
  },
  "natprog:knap_flint": {
    "criteria": {
      "get_flint": "2024-07-02 16:50:50 +0200"
    },
    "done": true
  },
  "natprog:craft_hatchet": {
    "criteria": {
      "get_hatchet": "2024-07-02 17:01:00 +0200"
    },
    "done": true
  },
  "mca:recipes/misc/family_tree": {
    "criteria": {
      "has_item": "2024-07-02 17:01:29 +0200"
    },
    "done": true
  },
  "natprog:craft_planks": {
    "criteria": {
      "get_planks": "2024-07-02 17:01:36 +0200"
    },
    "done": true
  },
  "natprog:craft_crafting_table": {
    "criteria": {
      "get_ct": "2024-07-02 17:01:42 +0200"
    },
    "done": true
  },
  "minecraft:story/root": {
    "criteria": {
      "crafting_table": "2024-07-02 17:01:42 +0200"
    },
    "done": true
  },
  "minecraft:adventure/root": {
    "criteria": {
      "killed_something": "2024-07-02 17:16:37 +0200"
    },
    "done": true
  },
  "tombstone:adventure/first_grave": {
    "criteria": {
      "coded_trigger": "2024-07-02 17:18:20 +0200"
    },
    "done": true
  },
  "tombstone:recipes/from_grave_key": {
    "criteria": {
      "has_ingredient": "2024-07-02 17:18:22 +0200"
    },
    "done": true
  },
  "lootr:social": {
    "criteria": {
      "opened_barrel": "2024-07-02 17:21:17 +0200",
      "opened_chest": "2024-07-02 17:21:18 +0200"
    },
    "done": false
  },
  "lootr:1barrel": {
    "criteria": {
      "opened_barrel": "2024-07-02 17:21:17 +0200"
    },
    "done": true
  },
  "lootr:1chest": {
    "criteria": {
      "opened_chest": "2024-07-02 17:21:18 +0200"
    },
    "done": true
  },
  "minecraft:story/mine_diamond": {
    "criteria": {
      "diamond": "2024-07-02 17:21:19 +0200"
    },
    "done": true
  },
  "minecraft:story/obtain_armor": {
    "criteria": {
      "iron_leggings": "2024-07-02 17:21:21 +0200"
    },
    "done": true
  },
  "minecraft:story/iron_tools": {
    "criteria": {
      "iron_pickaxe": "2024-07-02 17:21:23 +0200"
    },
    "done": true
  },
  "minecraft:story/form_obsidian": {
    "criteria": {
      "obsidian": "2024-07-02 17:21:41 +0200"
    },
    "done": true
  },
  "minecraft:husbandry/balanced_diet": {
    "criteria": {
      "baked_potato": "2024-07-02 18:43:40 +0200",
      "bread": "2024-07-02 17:22:04 +0200",
      "golden_apple": "2024-07-03 11:55:05 +0200",
      "carrot": "2024-07-03 11:42:03 +0200"
    },
    "done": false
  },
  "minecraft:husbandry/root": {
    "criteria": {
      "consumed_item": "2024-07-02 17:22:04 +0200"
    },
    "done": true
  },
  "mca:recipes/misc/comb": {
    "criteria": {
      "has_item": "2024-07-02 17:30:32 +0200"
    },
    "done": true
  },
  "minecraft:story/smelt_iron": {
    "criteria": {
      "iron": "2024-07-02 17:30:32 +0200"
    },
    "done": true
  },
  "mca:recipes/misc/needle_and_thread": {
    "criteria": {
      "has_item": "2024-07-02 17:30:32 +0200"
    },
    "done": true
  },
  "mca:recipes/misc/whistle": {
    "criteria": {
      "has_item": "2024-07-02 17:30:32 +0200"
    },
    "done": true
  },
  "minecraft:adventure/sleep_in_bed": {
    "criteria": {
      "slept_in_bed": "2024-07-02 17:30:51 +0200"
    },
    "done": true
  },
  "lootr:10loot": {
    "criteria": {
      "loot_stat": "2024-07-02 17:31:03 +0200"
    },
    "done": true
  },
  "alexsmobs:alexsmobs/seagull_steal": {
    "criteria": {
      "ex": "2024-07-02 17:39:48 +0200"
    },
    "done": true
  },
  "regions_unexplored:regions_explored": {
    "criteria": {
      "shrubland": "2024-07-02 17:40:21 +0200",
      "ochard": "2024-07-02 19:12:38 +0200",
      "highland_fields": "2024-07-03 12:38:41 +0200",
      "mountains": "2024-07-03 11:44:39 +0200",
      "deciduous_forest": "2024-07-02 17:52:02 +0200",
      "temperate_grove": "2024-07-02 17:40:19 +0200",
      "pine_slopes": "2024-07-03 11:44:08 +0200",
      "prairie": "2024-07-02 17:42:15 +0200",
      "grassland": "2024-07-02 17:52:01 +0200"
    },
    "done": false
  },
  "regions_unexplored:pioneer": {
    "criteria": {
      "shrubland": "2024-07-02 17:40:21 +0200",
      "ochard": "2024-07-02 19:12:38 +0200",
      "highland_fields": "2024-07-03 12:38:41 +0200",
      "mountains": "2024-07-03 11:44:39 +0200",
      "deciduous_forest": "2024-07-02 17:52:02 +0200",
      "temperate_grove": "2024-07-02 17:40:19 +0200",
      "pine_slopes": "2024-07-03 11:44:08 +0200",
      "prairie": "2024-07-02 17:42:15 +0200",
      "grassland": "2024-07-02 17:52:01 +0200"
    },
    "done": false
  },
  "mca:root": {
    "criteria": {
      "village_savanna": "2024-07-02 17:44:03 +0200"
    },
    "done": true
  },
  "minecraft:husbandry/plant_seed": {
    "criteria": {
      "wheat": "2024-07-02 17:47:00 +0200"
    },
    "done": true
  },
  "lootr:25loot": {
    "criteria": {
      "loot_stat": "2024-07-02 17:54:24 +0200"
    },
    "done": true
  },
  "artifacts:amateur_archaeologist": {
    "criteria": {
      "find_artifact": "2024-07-02 17:54:28 +0200"
    },
    "done": true
  },
  "minecraft:adventure/kill_all_mobs": {
    "criteria": {
      "minecraft:skeleton": "2024-07-02 18:13:26 +0200",
      "minecraft:spider": "2024-07-03 11:52:00 +0200",
      "minecraft:creeper": "2024-07-02 18:15:02 +0200",
      "minecraft:wither_skeleton": "2024-07-02 18:50:30 +0200",
      "minecraft:stray": "2024-07-02 19:00:03 +0200",
      "minecraft:zombie": "2024-07-02 18:10:55 +0200"
    },
    "done": false
  },
  "minecraft:adventure/kill_a_mob": {
    "criteria": {
      "minecraft:zombie": "2024-07-02 18:10:55 +0200"
    },
    "done": true
  },
  "natprog:get_bone": {
    "criteria": {
      "get_bone": "2024-07-02 18:13:30 +0200"
    },
    "done": true
  },
  "alexscaves:alexscaves/cave_tablet": {
    "criteria": {
      "cave_tablet": "2024-07-02 18:14:27 +0200"
    },
    "done": true
  },
  "lootr:50loot": {
    "criteria": {
      "loot_stat": "2024-07-02 18:18:42 +0200"
    },
    "done": true
  },
  "tombstone:adventure/first_knowledge": {
    "criteria": {
      "coded_trigger": "2024-07-02 18:20:19 +0200"
    },
    "done": true
  },
  "tombstone:adventure/ashes_and_bones": {
    "criteria": {
      "coded_trigger": "2024-07-02 18:20:19 +0200"
    },
    "done": true
  },
  "ars_nouveau:warp_scroll": {
    "criteria": {
      "has_warp_scroll": "2024-07-02 18:25:38 +0200"
    },
    "done": true
  },
  "tombstone:adventure/cancel_ghostly_shape": {
    "criteria": {
      "coded_trigger": "2024-07-02 18:31:45 +0200"
    },
    "done": true
  },
  "tombstone:recipes/from_grave_dust": {
    "criteria": {
      "has_ingredient": "2024-07-02 18:32:18 +0200"
    },
    "done": true
  },
  "tombstone:adventure/find_grave_dust": {
    "criteria": {
      "from_undead": "2024-07-02 18:50:52 +0200"
    },
    "done": true
  },
  "minecraft:story/shiny_gear": {
    "criteria": {
      "diamond_boots": "2024-07-02 18:51:35 +0200"
    },
    "done": true
  },
  "realisticforging:the_iron_age": {
    "criteria": {
      "the_iron_age_0": "2024-07-02 19:04:28 +0200"
    },
    "done": true
  },
  "mca:recipes/misc/bouquet": {
    "criteria": {
      "has_item": "2024-07-03 11:39:29 +0200"
    },
    "done": true
  },
  "iceandfire:iceandfire/kill_ghost": {
    "criteria": {
      "killed_fire_dragon": "2024-07-03 11:39:57 +0200"
    },
    "done": true
  },
  "endrem:main/rogue_eye": {
    "criteria": {
      "rogue_eye": "2024-07-03 11:52:25 +0200"
    },
    "done": true
  },
  "endrem:main/root": {
    "criteria": {
      "rogue_eye": "2024-07-03 11:52:25 +0200"
    },
    "done": true
  },
  "realisticforging:two_sticks_advancements": {
    "criteria": {
      "two_sticks_advancements_0": "2024-07-03 12:56:57 +0200"
    },
    "done": true
  },
  "realisticforging:getting_big_stone": {
    "criteria": {
      "getting_big_stone_0": "2024-07-03 12:58:45 +0200"
    },
    "done": true
  },
  "realisticforging:smithing_hammer_achievement": {
    "criteria": {
      "smithing_hammer_achievement_0": "2024-07-03 12:59:42 +0200"
    },
    "done": true
  },
  "realisticforging:cleaning_raw_iron_ore_advancement": {
    "criteria": {
      "cleaning_raw_iron_ore_advancement_0": "2024-07-03 12:56:32 +0200"
    },
    "done": true
  },
  "realisticforging:realistic_forging": {
    "criteria": {
      "realistic_forging_0": "2024-07-03 12:59:58 +0200"
    },
    "done": true
  },
  "realisticforging:crafting_blacksmith_tongs_advancement": {
    "criteria": {
      "crafting_blacksmith_tongs_advancement_0": "2024-07-03 13:00:25 +0200"
    },
    "done": true
  },
  "natprog:craft_better_saw": {
    "criteria": {
      "get_better_saw": "2024-07-03 12:40:39 +0200"
    },
    "done": true
  },
  "realisticforging:hot_iron_burn": {
    "criteria": {
      "hot_iron_burn_0": "2024-07-03 13:00:27 +0200"
    },
    "done": true
  },
  "DataVersion": 3465
}