{
  "iceandfire:iceandfire/root": {
    "criteria": {
      "tick": "2024-07-02 13:42:46 +0000"
    },
    "done": true
  },
  "ars_nouveau:root": {
    "criteria": {
      "ars_nouveau:worn_notebook": "2024-07-02 13:42:46 +0000"
    },
    "done": true
  },
  "create:root": {
    "criteria": {
      "0": "2024-07-02 13:42:46 +0000"
    },
    "done": true
  },
  "ironfurnaces:coal": {
    "criteria": {
      "rainbowcoal": "2024-07-02 13:42:46 +0000"
    },
    "done": true
  },
  "mca:recipes/building_blocks/headstones": {
    "criteria": {
      "has_the_slanted_recipe": "2024-07-02 13:42:46 +0000"
    },
    "done": true
  },
  "lootr:root": {
    "criteria": {
      "always_true": "2024-07-02 13:42:46 +0000"
    },
    "done": true
  },
  "parcool:grant_parcool_guide": {
    "criteria": {
      "tick": "2024-07-02 13:42:46 +0000"
    },
    "done": true
  },
  "cataclysm:root": {
    "criteria": {
      "custom_test_name": "2024-07-02 13:42:46 +0000"
    },
    "done": true
  },
  "minecraft:adventure/adventuring_time": {
    "criteria": {
      "minecraft:snowy_slopes": "2024-07-02 14:40:09 +0000",
      "minecraft:old_growth_pine_taiga": "2024-07-05 15:19:49 +0000",
      "minecraft:taiga": "2024-07-05 15:19:52 +0000",
      "minecraft:deep_ocean": "2024-07-02 14:18:10 +0000",
      "minecraft:cherry_grove": "2024-07-02 14:43:29 +0000",
      "minecraft:sunflower_plains": "2024-07-02 14:39:43 +0000",
      "minecraft:birch_forest": "2024-07-05 14:47:18 +0000",
      "minecraft:dark_forest": "2024-07-05 15:19:02 +0000",
      "minecraft:river": "2024-07-02 14:32:24 +0000",
      "minecraft:stony_shore": "2024-07-02 13:46:18 +0000",
      "minecraft:forest": "2024-07-02 13:45:07 +0000",
      "minecraft:ocean": "2024-07-02 14:18:01 +0000",
      "minecraft:flower_forest": "2024-07-05 14:32:29 +0000",
      "minecraft:old_growth_birch_forest": "2024-07-05 14:51:01 +0000",
      "minecraft:meadow": "2024-07-05 15:26:44 +0000",
      "minecraft:plains": "2024-07-02 13:42:47 +0000"
    },
    "done": false
  },
  "tombstone:adventure/root": {
    "criteria": {
      "auto": "2024-07-02 13:42:47 +0000"
    },
    "done": true
  },
  "regions_unexplored:parent": {
    "criteria": {
      "load_in_world": "2024-07-02 13:42:47 +0000"
    },
    "done": true
  },
  "natprog:pebble_harvested": {
    "criteria": {
      "get_pebble": "2024-07-02 13:45:32 +0000"
    },
    "done": true
  },
  "natprog:knap_flint": {
    "criteria": {
      "get_flint": "2024-07-02 13:45:38 +0000"
    },
    "done": true
  },
  "natprog:craft_hatchet": {
    "criteria": {
      "get_hatchet": "2024-07-02 13:46:49 +0000"
    },
    "done": true
  },
  "mca:recipes/misc/family_tree": {
    "criteria": {
      "has_item": "2024-07-02 13:47:25 +0000"
    },
    "done": true
  },
  "natprog:craft_planks": {
    "criteria": {
      "get_planks": "2024-07-02 13:47:38 +0000"
    },
    "done": true
  },
  "natprog:craft_crafting_table": {
    "criteria": {
      "get_ct": "2024-07-02 13:47:42 +0000"
    },
    "done": true
  },
  "minecraft:story/root": {
    "criteria": {
      "crafting_table": "2024-07-02 13:47:42 +0000"
    },
    "done": true
  },
  "realisticforging:getting_big_stone": {
    "criteria": {
      "getting_big_stone_0": "2024-07-02 13:47:46 +0000"
    },
    "done": true
  },
  "minecraft:adventure/root": {
    "criteria": {
      "killed_something": "2024-07-02 13:50:59 +0000"
    },
    "done": true
  },
  "realisticforging:the_iron_age": {
    "criteria": {
      "the_iron_age_0": "2024-07-02 13:53:26 +0000"
    },
    "done": true
  },
  "tombstone:adventure/first_grave": {
    "criteria": {
      "coded_trigger": "2024-07-02 13:54:59 +0000"
    },
    "done": true
  },
  "tombstone:recipes/from_grave_key": {
    "criteria": {
      "has_ingredient": "2024-07-02 13:55:01 +0000"
    },
    "done": true
  },
  "realisticforging:cleaning_raw_iron_ore_advancement": {
    "criteria": {
      "cleaning_raw_iron_ore_advancement_0": "2024-07-02 13:57:06 +0000"
    },
    "done": true
  },
  "realisticforging:two_sticks_advancements": {
    "criteria": {
      "two_sticks_advancements_0": "2024-07-02 13:57:36 +0000"
    },
    "done": true
  },
  "minecraft:adventure/sleep_in_bed": {
    "criteria": {
      "slept_in_bed": "2024-07-02 13:59:13 +0000"
    },
    "done": true
  },
  "minecraft:adventure/kill_all_mobs": {
    "criteria": {
      "minecraft:spider": "2024-07-02 14:01:57 +0000",
      "minecraft:creeper": "2024-07-05 14:10:22 +0000",
      "minecraft:cave_spider": "2024-07-02 14:09:19 +0000",
      "minecraft:zombie": "2024-07-05 14:37:09 +0000"
    },
    "done": false
  },
  "minecraft:adventure/kill_a_mob": {
    "criteria": {
      "minecraft:spider": "2024-07-02 14:01:57 +0000"
    },
    "done": true
  },
  "realisticforging:smithing_hammer_achievement": {
    "criteria": {
      "smithing_hammer_achievement_0": "2024-07-02 14:02:44 +0000"
    },
    "done": true
  },
  "mca:recipes/misc/comb": {
    "criteria": {
      "has_item": "2024-07-02 14:03:09 +0000"
    },
    "done": true
  },
  "minecraft:story/smelt_iron": {
    "criteria": {
      "iron": "2024-07-02 14:03:09 +0000"
    },
    "done": true
  },
  "mca:recipes/misc/needle_and_thread": {
    "criteria": {
      "has_item": "2024-07-02 14:03:09 +0000"
    },
    "done": true
  },
  "realisticforging:realistic_forging": {
    "criteria": {
      "realistic_forging_0": "2024-07-02 14:03:09 +0000"
    },
    "done": true
  },
  "mca:recipes/misc/whistle": {
    "criteria": {
      "has_item": "2024-07-02 14:03:09 +0000"
    },
    "done": true
  },
  "realisticforging:hot_iron_burn": {
    "criteria": {
      "hot_iron_burn_0": "2024-07-02 14:04:09 +0000"
    },
    "done": true
  },
  "lootr:social": {
    "criteria": {
      "opened_barrel": "2024-07-02 14:08:47 +0000",
      "opened_chest": "2024-07-02 14:22:32 +0000"
    },
    "done": false
  },
  "lootr:1barrel": {
    "criteria": {
      "opened_barrel": "2024-07-02 14:08:47 +0000"
    },
    "done": true
  },
  "tombstone:adventure/cancel_ghostly_shape": {
    "criteria": {
      "coded_trigger": "2024-07-02 14:11:37 +0000"
    },
    "done": true
  },
  "tombstone:recipes/from_grave_dust": {
    "criteria": {
      "has_ingredient": "2024-07-02 14:11:47 +0000"
    },
    "done": true
  },
  "realisticforging:craft_iron_sword": {
    "criteria": {
      "craft_iron_sword_0": "2024-07-02 14:17:12 +0000"
    },
    "done": true
  },
  "lootr:1chest": {
    "criteria": {
      "opened_chest": "2024-07-02 14:22:32 +0000"
    },
    "done": true
  },
  "minecraft:story/iron_tools": {
    "criteria": {
      "iron_pickaxe": "2024-07-02 14:22:36 +0000"
    },
    "done": true
  },
  "minecraft:story/obtain_armor": {
    "criteria": {
      "iron_leggings": "2024-07-02 14:23:16 +0000"
    },
    "done": true
  },
  "minecraft:husbandry/balanced_diet": {
    "criteria": {
      "cooked_beef": "2024-07-05 14:15:48 +0000",
      "bread": "2024-07-02 14:24:28 +0000"
    },
    "done": false
  },
  "minecraft:husbandry/root": {
    "criteria": {
      "consumed_item": "2024-07-02 14:24:28 +0000"
    },
    "done": true
  },
  "minecraft:story/mine_diamond": {
    "criteria": {
      "diamond": "2024-07-02 14:25:04 +0000"
    },
    "done": true
  },
  "lootr:10loot": {
    "criteria": {
      "loot_stat": "2024-07-02 14:25:59 +0000"
    },
    "done": true
  },
  "tombstone:adventure/neighborhood_brawl": {
    "criteria": {
      "coded_trigger": "2024-07-02 14:35:37 +0000"
    },
    "done": true
  },
  "tombstone:adventure/first_knowledge": {
    "criteria": {
      "coded_trigger": "2024-07-02 14:35:37 +0000"
    },
    "done": true
  },
  "tombstone:adventure/choose_knowledge": {
    "criteria": {
      "coded_trigger": "2024-07-02 14:36:15 +0000"
    },
    "done": true
  },
  "natprog:get_bone": {
    "criteria": {
      "get_bone": "2024-07-02 14:41:04 +0000"
    },
    "done": true
  },
  "tombstone:adventure/choose_grave_type": {
    "criteria": {
      "coded_trigger": "2024-07-05 14:17:05 +0000"
    },
    "done": true
  },
  "regions_unexplored:regions_explored": {
    "criteria": {
      "silver_birch_forest": "2024-07-05 15:22:12 +0000",
      "shrubland": "2024-07-05 14:20:53 +0000",
      "pine_taiga": "2024-07-05 14:43:25 +0000",
      "autumnal_maple_forest": "2024-07-05 15:21:55 +0000",
      "muddy_river": "2024-07-05 15:21:44 +0000",
      "blackwood_taiga": "2024-07-05 14:49:37 +0000",
      "ochard": "2024-07-05 14:22:48 +0000",
      "maple_forest": "2024-07-05 15:21:38 +0000",
      "mountains": "2024-07-05 14:22:11 +0000",
      "towering_cliffs": "2024-07-05 14:41:46 +0000",
      "temperate_grove": "2024-07-05 14:42:24 +0000",
      "cold_river": "2024-07-05 15:24:14 +0000",
      "pine_slopes": "2024-07-05 14:21:09 +0000"
    },
    "done": false
  },
  "regions_unexplored:pioneer": {
    "criteria": {
      "silver_birch_forest": "2024-07-05 15:22:12 +0000",
      "shrubland": "2024-07-05 14:20:53 +0000",
      "pine_taiga": "2024-07-05 14:43:25 +0000",
      "autumnal_maple_forest": "2024-07-05 15:21:55 +0000",
      "muddy_river": "2024-07-05 15:21:44 +0000",
      "blackwood_taiga": "2024-07-05 14:49:37 +0000",
      "ochard": "2024-07-05 14:22:48 +0000",
      "maple_forest": "2024-07-05 15:21:38 +0000",
      "mountains": "2024-07-05 14:22:11 +0000",
      "towering_cliffs": "2024-07-05 14:41:46 +0000",
      "temperate_grove": "2024-07-05 14:42:24 +0000",
      "cold_river": "2024-07-05 15:24:14 +0000",
      "pine_slopes": "2024-07-05 14:21:09 +0000"
    },
    "done": false
  },
  "iceandfire:iceandfire/kill_ghost": {
    "criteria": {
      "killed_fire_dragon": "2024-07-05 14:30:27 +0000"
    },
    "done": true
  },
  "lootr:25loot": {
    "criteria": {
      "loot_stat": "2024-07-05 14:32:19 +0000"
    },
    "done": true
  },
  "mca:recipes/misc/bouquet": {
    "criteria": {
      "has_item": "2024-07-05 14:32:37 +0000"
    },
    "done": true
  },
  "minecraft:husbandry/tame_an_animal": {
    "criteria": {
      "tamed_animal": "2024-07-05 14:40:42 +0000"
    },
    "done": true
  },
  "mca:root": {
    "criteria": {
      "village_plains": "2024-07-05 15:26:01 +0000"
    },
    "done": true
  },
  "regions_unexplored:got_wood": {
    "criteria": {
      "silver_birch_log": "2024-07-05 15:34:46 +0000"
    },
    "done": false
  },
  "DataVersion": 3465
}